module,classification,route_path_symbol,route_path_token,route_name_symbol,route_name_token,builder_evidence,source_file,source_line
admin,real_page,AppRoutePaths.admin,admin,AppRouteNames.sc180AdminHome,sc180AdminHome,InternalSurfaceGate>AdminHomePage,lib/app/router/route_groups/admin_routes.dart,13
admin,real_page,AppRoutePaths.adminAbtests,adminAbtests,AppRouteNames.sc182AbTestDashboard,sc182AbTestDashboard,InternalSurfaceGate>ABTestDashboardPage,lib/app/router/route_groups/admin_routes.dart,31
admin,real_page,AppRoutePaths.adminAnalytics,adminAnalytics,AppRouteNames.sc181AnalyticsDashboard,sc181AnalyticsDashboard,InternalSurfaceGate>AnalyticsDashboardPage,lib/app/router/route_groups/admin_routes.dart,22
admin,real_page,AppRoutePaths.adminFunnels,adminFunnels,AppRouteNames.sc183FunnelDashboard,sc183FunnelDashboard,InternalSurfaceGate>FunnelDashboardPage,lib/app/router/route_groups/admin_routes.dart,40
admin,real_page,AppRoutePaths.adminSettings,adminSettings,AppRouteNames.sc410AdminSettings,sc410AdminSettings,InternalSurfaceGate>AdminSettingsPage,lib/app/router/route_groups/admin_routes.dart,49
arena,real_page,'/arena/challenge/:challengeId','/arena/challenge/:challengeId',AppRouteNames.sc190ArenaChallengeDetail,sc190ArenaChallengeDetail,ArenaChallengeDetailPage,lib/app/router/route_groups/arena_routes.dart,76
arena,real_page,'/arena/creator/:creatorId','/arena/creator/:creatorId',AppRouteNames.sc193ArenaCreator,sc193ArenaCreator,ArenaCreatorPage,lib/app/router/route_groups/arena_routes.dart,98
arena,real_page,'/arena/join/:challengeId','/arena/join/:challengeId',AppRouteNames.sc191ArenaJoin,sc191ArenaJoin,ArenaJoinPage,lib/app/router/route_groups/arena_routes.dart,84
arena,real_page,'/arena/ledger/entry/:entryId','/arena/ledger/entry/:entryId',AppRouteNames.sc200ArenaPointsEntryDetail,sc200ArenaPointsEntryDetail,ArenaPointsEntryDetailPage,lib/app/router/route_groups/arena_routes.dart,182
arena,real_page,'/arena/mode/:modeId','/arena/mode/:modeId',AppRouteNames.sc189ArenaModeDetail,sc189ArenaModeDetail,ArenaModeDetailPage,lib/app/router/route_groups/arena_routes.dart,68
arena,real_page,'/arena/report/:caseId','/arena/report/:caseId',AppRouteNames.sc202ArenaReportCase,sc202ArenaReportCase,ArenaReportCasePage,lib/app/router/route_groups/arena_routes.dart,196
arena,real_page,'/arena/trust/:userId','/arena/trust/:userId',AppRouteNames.sc199ArenaTrustBreakdown,sc199ArenaTrustBreakdown,ArenaTrustBreakdownPage,lib/app/router/route_groups/arena_routes.dart,174
arena,real_page,AppRoutePaths.arena,arena,AppRouteNames.sc184ArenaHome,sc184ArenaHome,ArenaHomePage,lib/app/router/route_groups/arena_routes.dart,35
arena,real_page,AppRoutePaths.arenaBlocked,arenaBlocked,AppRouteNames.sc203ArenaBlockedUsers,sc203ArenaBlockedUsers,ArenaBlockedUsersPage,lib/app/router/route_groups/arena_routes.dart,137
arena,real_page,AppRoutePaths.arenaBridge,arenaBridge,AppRouteNames.sc207ArenaPredictionBridgeFoundation,sc207ArenaPredictionBridgeFoundation,ArenaPredictionBridgeFoundationPage,lib/app/router/route_groups/arena_routes.dart,162
arena,real_page,AppRoutePaths.arenaEcosystem,arenaEcosystem,AppRouteNames.sc208ConnectedEcosystemProduction,sc208ConnectedEcosystemProduction,ConnectedEcosystemProductionPage,lib/app/router/route_groups/arena_routes.dart,168
arena,real_page,AppRoutePaths.arenaFlowMap,arenaFlowMap,AppRouteNames.sc197ArenaFlowMap,sc197ArenaFlowMap,ArenaFlowMapPage,lib/app/router/route_groups/arena_routes.dart,126
arena,real_page,AppRoutePaths.arenaGuide,arenaGuide,AppRouteNames.sc209ArenaGuide,sc209ArenaGuide,ArenaGuidePage,lib/app/router/route_groups/arena_routes.dart,40
arena,real_page,AppRoutePaths.arenaLeaderboard,arenaLeaderboard,AppRouteNames.sc194ArenaLeaderboard,sc194ArenaLeaderboard,ArenaLeaderboardPage,lib/app/router/route_groups/arena_routes.dart,106
arena,real_page,AppRoutePaths.arenaLedger,arenaLedger,AppRouteNames.sc201ArenaPointsLedger,sc201ArenaPointsLedger,ArenaPointsLedgerPage,lib/app/router/route_groups/arena_routes.dart,190
arena,real_page,AppRoutePaths.arenaMy,arenaMy,AppRouteNames.sc205MyArena,sc205MyArena,MyArenaPage,lib/app/router/route_groups/arena_routes.dart,148
arena,real_page,AppRoutePaths.arenaMyReports,arenaMyReports,AppRouteNames.sc204MyArenaReports,sc204MyArenaReports,MyArenaReportsPage,lib/app/router/route_groups/arena_routes.dart,143
arena,real_page,AppRoutePaths.arenaProduction,arenaProduction,AppRouteNames.sc206ArenaProductionReady,sc206ArenaProductionReady,ArenaProductionReadyPage,lib/app/router/route_groups/arena_routes.dart,156
arena,real_page,AppRoutePaths.arenaResolution,arenaResolution,AppRouteNames.sc192ArenaResolutionCenter,sc192ArenaResolutionCenter,ArenaResolutionCenterPage,lib/app/router/route_groups/arena_routes.dart,92
arena,real_page,AppRoutePaths.arenaSafety,arenaSafety,AppRouteNames.sc198ArenaSafetyCenter,sc198ArenaSafetyCenter,ArenaSafetyCenterPage,lib/app/router/route_groups/arena_routes.dart,131
arena,real_page,AppRoutePaths.arenaStudio,arenaStudio,AppRouteNames.sc185ArenaStudio,sc185ArenaStudio,ArenaStudioPage,lib/app/router/route_groups/arena_routes.dart,45
arena,real_page,AppRoutePaths.arenaStudioGovernance,arenaStudioGovernance,AppRouteNames.sc188ArenaGovernanceGate,sc188ArenaGovernanceGate,ArenaGovernanceGatePage,lib/app/router/route_groups/arena_routes.dart,62
arena,real_page,AppRoutePaths.arenaStudioPresets,arenaStudioPresets,AppRouteNames.sc187ArenaPresetLibrary,sc187ArenaPresetLibrary,ArenaUniversalPresetLibraryPage,lib/app/router/route_groups/arena_routes.dart,56
arena,real_page,AppRoutePaths.arenaStudioSmartRules,arenaStudioSmartRules,AppRouteNames.sc186ArenaSmartRules,sc186ArenaSmartRules,ArenaSmartRuleBuilderPage,lib/app/router/route_groups/arena_routes.dart,50
arena,real_page,AppRoutePaths.arenaVerified,arenaVerified,AppRouteNames.sc195VerifiedChallenges,sc195VerifiedChallenges,VerifiedChallengesPage,lib/app/router/route_groups/arena_routes.dart,111
auth,real_page,AppRoutePaths.auth2faSetup,auth2faSetup,AppRouteNames.sc004TwoFaSetup,sc004TwoFaSetup,AuthRouteShell>surfacePage,lib/app/router/route_groups/auth_routes.dart,80
auth,real_page,AppRoutePaths.authForgotPassword,authForgotPassword,AppRouteNames.sc005ForgotPassword,sc005ForgotPassword,AuthRouteShell>surfacePage,lib/app/router/route_groups/auth_routes.dart,91
auth,real_page,AppRoutePaths.authLogin,authLogin,AppRouteNames.sc001Login,sc001Login,AuthRouteShell>surfacePage,lib/app/router/route_groups/auth_routes.dart,40
auth,real_page,AppRoutePaths.authOtp,authOtp,AppRouteNames.sc003Otp,sc003Otp,AuthRouteShell>switch,lib/app/router/route_groups/auth_routes.dart,62
auth,real_page,AppRoutePaths.authRegister,authRegister,AppRouteNames.sc002Register,sc002Register,AuthRouteShell>surfacePage,lib/app/router/route_groups/auth_routes.dart,51
auth,real_page,AppRoutePaths.authResetPassword,authResetPassword,AppRouteNames.sc006ResetPassword,sc006ResetPassword,AuthRouteShell>surfacePage,lib/app/router/route_groups/auth_routes.dart,102
auth,real_page,AppRoutePaths.forceUpdateGate,forceUpdateGate,AppRouteNames.sc418ForceUpdateGate,sc418ForceUpdateGate,ForceUpdateGatePage,lib/app/router/route_groups/auth_routes.dart,126
auth,real_page,AppRoutePaths.maintenanceGate,maintenanceGate,AppRouteNames.sc417MaintenanceGate,sc417MaintenanceGate,MaintenanceGatePage,lib/app/router/route_groups/auth_routes.dart,121
auth,real_page,AppRoutePaths.onboarding,onboarding,AppRouteNames.sc397Onboarding,sc397Onboarding,OnboardingFlowPage,lib/app/router/route_groups/auth_routes.dart,113
dca,real_page,'/dca/rebalance/:configId/edit','/dca/rebalance/:configId/edit',AppRouteNames.sc408DcaRebalanceEdit,sc408DcaRebalanceEdit,DCARebalanceConfigPage,lib/app/router/route_groups/dca_routes.dart,86
dca,real_page,'/dca/rebalance/:configId/history','/dca/rebalance/:configId/history',AppRouteNames.sc409DcaRebalanceHistory,sc409DcaRebalanceHistory,DCARebalanceDashboardPage,lib/app/router/route_groups/dca_routes.dart,92
dca,real_page,AppRoutePaths.dca,dca,AppRouteNames.sc169Dca,sc169Dca,DCAPage,lib/app/router/route_groups/dca_routes.dart,21
dca,real_page,AppRoutePaths.dcaBacktester,dcaBacktester,AppRouteNames.sc176DcaBacktester,sc176DcaBacktester,DCABacktesterPage,lib/app/router/route_groups/dca_routes.dart,37
dca,real_page,AppRoutePaths.dcaDynamicAmount,dcaDynamicAmount,AppRouteNames.sc175DcaDynamicAmount,sc175DcaDynamicAmount,DCADynamicAmountPage,lib/app/router/route_groups/dca_routes.dart,32
dca,real_page,AppRoutePaths.dcaMultiAsset,dcaMultiAsset,AppRouteNames.sc177DcaMultiAsset,sc177DcaMultiAsset,DCAMultiAssetPage,lib/app/router/route_groups/dca_routes.dart,42
dca,real_page,AppRoutePaths.dcaPerformanceCompare,dcaPerformanceCompare,AppRouteNames.sc178DcaPerformanceCompare,sc178DcaPerformanceCompare,DCAPerformanceComparePage,lib/app/router/route_groups/dca_routes.dart,47
dca,real_page,AppRoutePaths.dcaPortfolioOptimizer,dcaPortfolioOptimizer,AppRouteNames.sc174DcaPortfolioOptimizer,sc174DcaPortfolioOptimizer,DCAPortfolioOptimizerPage,lib/app/router/route_groups/dca_routes.dart,26
dca,real_page,AppRoutePaths.dcaRebalanceConfig,dcaRebalanceConfig,AppRouteNames.sc170DcaRebalanceConfig,sc170DcaRebalanceConfig,DCARebalanceConfigPage,lib/app/router/route_groups/dca_routes.dart,58
dca,real_page,AppRoutePaths.dcaRebalanceDashboard,dcaRebalanceDashboard,AppRouteNames.sc171DcaRebalanceDashboard,sc171DcaRebalanceDashboard,DCARebalanceDashboardPage,lib/app/router/route_groups/dca_routes.dart,64
dca,real_page,AppRoutePaths.dcaScheduleAnalytics,dcaScheduleAnalytics,AppRouteNames.sc173DcaScheduleAnalytics,sc173DcaScheduleAnalytics,DCAScheduleAnalyticsPage,lib/app/router/route_groups/dca_routes.dart,78
dca,real_page,AppRoutePaths.dcaScheduleConfig,dcaScheduleConfig,AppRouteNames.sc172DcaScheduleConfig,sc172DcaScheduleConfig,DCAScheduleConfigPage,lib/app/router/route_groups/dca_routes.dart,72
dca,real_page,AppRoutePaths.dcaSmartRules,dcaSmartRules,AppRouteNames.sc179DcaSmartRules,sc179DcaSmartRules,DCASmartRulesPage,lib/app/router/route_groups/dca_routes.dart,53
earn_savings,real_page,AppRoutePaths.earnSavings,earnSavings,AppRouteNames.sc329Savings,sc329Savings,SavingsPage,lib/app/router/route_groups/earn_savings_routes.dart,33
earn_savings,real_page,AppRoutePaths.earnSavingsAnalytics,earnSavingsAnalytics,AppRouteNames.sc343SavingsAnalytics,sc343SavingsAnalytics,SavingsAnalyticsPage,lib/app/router/route_groups/earn_savings_routes.dart,93
earn_savings,real_page,AppRoutePaths.earnSavingsAutoCompound,earnSavingsAutoCompound,AppRouteNames.sc341AutoCompoundSettings,sc341AutoCompoundSettings,AutoCompoundSettingsPage,lib/app/router/route_groups/earn_savings_routes.dart,82
earn_savings,real_page,AppRoutePaths.earnSavingsAutoPilot,earnSavingsAutoPilot,AppRouteNames.sc350SavingsAutoPilot,sc350SavingsAutoPilot,SavingsAutoPilotPage,lib/app/router/route_groups/earn_savings_routes.dart,131
earn_savings,real_page,AppRoutePaths.earnSavingsBacktest,earnSavingsBacktest,AppRouteNames.sc349SavingsBacktest,sc349SavingsBacktest,SavingsBacktestPage,lib/app/router/route_groups/earn_savings_routes.dart,126
earn_savings,real_page,AppRoutePaths.earnSavingsComparison,earnSavingsComparison,AppRouteNames.sc340SavingsComparison,sc340SavingsComparison,SavingsComparisonPage,lib/app/router/route_groups/earn_savings_routes.dart,76
earn_savings,real_page,AppRoutePaths.earnSavingsDca,earnSavingsDca,AppRouteNames.sc346SavingsDca,sc346SavingsDca,SavingsDCAPage,lib/app/router/route_groups/earn_savings_routes.dart,110
earn_savings,real_page,AppRoutePaths.earnSavingsExport,earnSavingsExport,AppRouteNames.sc348SavingsExport,sc348SavingsExport,SavingsExportPage,lib/app/router/route_groups/earn_savings_routes.dart,121
earn_savings,real_page,AppRoutePaths.earnSavingsFAQ,earnSavingsFAQ,AppRouteNames.sc336SavingsFAQ,sc336SavingsFAQ,SavingsFAQPage,lib/app/router/route_groups/earn_savings_routes.dart,53
earn_savings,real_page,AppRoutePaths.earnSavingsGoals,earnSavingsGoals,AppRouteNames.sc342SavingsGoal,sc342SavingsGoal,SavingsGoalPage,lib/app/router/route_groups/earn_savings_routes.dart,88
earn_savings,real_page,AppRoutePaths.earnSavingsGuide,earnSavingsGuide,AppRouteNames.sc335SavingsGuide,sc335SavingsGuide,SavingsGuidePage,lib/app/router/route_groups/earn_savings_routes.dart,48
earn_savings,real_page,AppRoutePaths.earnSavingsHistory,earnSavingsHistory,AppRouteNames.sc334SavingsHistory,sc334SavingsHistory,SavingsHistoryPage,lib/app/router/route_groups/earn_savings_routes.dart,43
earn_savings,real_page,AppRoutePaths.earnSavingsLadder,earnSavingsLadder,AppRouteNames.sc351SavingsLadder,sc351SavingsLadder,SavingsLadderPage,lib/app/router/route_groups/earn_savings_routes.dart,136
earn_savings,real_page,AppRoutePaths.earnSavingsNotificationPreferences,earnSavingsNotificationPreferences,AppRouteNames.sc345SavingsNotificationPreferences,sc345SavingsNotificationPreferences,SavingsNotificationPreferencesPage,lib/app/router/route_groups/earn_savings_routes.dart,104
earn_savings,real_page,AppRoutePaths.earnSavingsNotifications,earnSavingsNotifications,AppRouteNames.sc337SavingsNotifications,sc337SavingsNotifications,SavingsNotificationsPage,lib/app/router/route_groups/earn_savings_routes.dart,58
earn_savings,real_page,AppRoutePaths.earnSavingsPortfolio,earnSavingsPortfolio,AppRouteNames.sc333SavingsPortfolio,sc333SavingsPortfolio,SavingsPortfolioPage,lib/app/router/route_groups/earn_savings_routes.dart,38
earn_savings,real_page,AppRoutePaths.earnSavingsProductSample,earnSavingsProductSample,AppRouteNames.sc330SavingsProductDetail,sc330SavingsProductDetail,SavingsProductDetailPage,lib/app/router/route_groups/earn_savings_routes.dart,146
earn_savings,real_page,AppRoutePaths.earnSavingsRebalance,earnSavingsRebalance,AppRouteNames.sc344SavingsAutoRebalance,sc344SavingsAutoRebalance,SavingsAutoRebalancePage,lib/app/router/route_groups/earn_savings_routes.dart,98
earn_savings,real_page,AppRoutePaths.earnSavingsReceipt,earnSavingsReceipt,AppRouteNames.sc332SavingsReceipt,sc332SavingsReceipt,SavingsReceiptPage,lib/app/router/route_groups/earn_savings_routes.dart,162
earn_savings,real_page,AppRoutePaths.earnSavingsRecommendations,earnSavingsRecommendations,AppRouteNames.sc338SavingsRecommendations,sc338SavingsRecommendations,SavingsRecommendationsPage,lib/app/router/route_groups/earn_savings_routes.dart,64
earn_savings,real_page,AppRoutePaths.earnSavingsRedeemPos001,earnSavingsRedeemPos001,AppRouteNames.sc331SavingsRedeem,sc331SavingsRedeem,SavingsRedeemPage,lib/app/router/route_groups/earn_savings_routes.dart,154
earn_savings,real_page,AppRoutePaths.earnSavingsRiskAssessment,earnSavingsRiskAssessment,AppRouteNames.sc339SavingsRiskAssessment,sc339SavingsRiskAssessment,SavingsRiskAssessmentPage,lib/app/router/route_groups/earn_savings_routes.dart,70
earn_savings,real_page,AppRoutePaths.earnSavingsSmartSuggestions,earnSavingsSmartSuggestions,AppRouteNames.sc347SavingsSmartSuggestions,sc347SavingsSmartSuggestions,SavingsSmartSuggestionsPage,lib/app/router/route_groups/earn_savings_routes.dart,115
earn_savings,real_page,AppRoutePaths.earnSavingsWhatIf,earnSavingsWhatIf,AppRouteNames.sc352SavingsWhatIf,sc352SavingsWhatIf,SavingsWhatIfPage,lib/app/router/route_groups/earn_savings_routes.dart,141
earn_staking,real_page,AppRoutePaths.earn,earn,AppRouteNames.sc327StakingEarn,sc327StakingEarn,StakingEarnPage,lib/app/router/route_groups/earn_staking_routes.dart,56
earn_staking,real_page,AppRoutePaths.earnAdvancedOrders,earnAdvancedOrders,AppRouteNames.sc366StakingAdvancedOrders,sc366StakingAdvancedOrders,StakingAdvancedOrdersPage,lib/app/router/route_groups/earn_staking_routes.dart,141
earn_staking,real_page,AppRoutePaths.earnAnalytics,earnAnalytics,AppRouteNames.sc359StakingAnalytics,sc359StakingAnalytics,StakingAnalyticsPage,lib/app/router/route_groups/earn_staking_routes.dart,107
earn_staking,real_page,AppRoutePaths.earnApiDocumentation,earnApiDocumentation,AppRouteNames.sc379StakingApiDocumentation,sc379StakingApiDocumentation,StakingApiDocumentationPage,lib/app/router/route_groups/earn_staking_routes.dart,217
earn_staking,real_page,AppRoutePaths.earnAuditReports,earnAuditReports,AppRouteNames.sc374StakingAuditReports,sc374StakingAuditReports,StakingAuditReportsPage,lib/app/router/route_groups/earn_staking_routes.dart,187
earn_staking,real_page,AppRoutePaths.earnAutoCompound,earnAutoCompound,AppRouteNames.sc363StakingAutoCompound,sc363StakingAutoCompound,StakingAutoCompoundPage,lib/app/router/route_groups/earn_staking_routes.dart,124
earn_staking,real_page,AppRoutePaths.earnCalendar,earnCalendar,AppRouteNames.sc361StakingEarningsCalendar,sc361StakingEarningsCalendar,StakingEarningsCalendarPage,lib/app/router/route_groups/earn_staking_routes.dart,112
earn_staking,real_page,AppRoutePaths.earnCommunityGovernance,earnCommunityGovernance,AppRouteNames.sc388StakingCommunityGovernance,sc388StakingCommunityGovernance,StakingCommunityGovernancePage,lib/app/router/route_groups/earn_staking_routes.dart,271
earn_staking,real_page,AppRoutePaths.earnContingencyPlan,earnContingencyPlan,AppRouteNames.sc386StakingContingencyPlan,sc386StakingContingencyPlan,StakingContingencyPlanPage,lib/app/router/route_groups/earn_staking_routes.dart,259
earn_staking,real_page,AppRoutePaths.earnCustody,earnCustody,AppRouteNames.sc375StakingCustody,sc375StakingCustody,StakingCustodyPage,lib/app/router/route_groups/earn_staking_routes.dart,193
earn_staking,real_page,AppRoutePaths.earnDashboard,earnDashboard,AppRouteNames.sc358StakingDashboard,sc358StakingDashboard,StakingDashboardPage,lib/app/router/route_groups/earn_staking_routes.dart,102
earn_staking,real_page,AppRoutePaths.earnDataExport,earnDataExport,AppRouteNames.sc394StakingDataExport,sc394StakingDataExport,StakingDataExportPage,lib/app/router/route_groups/earn_staking_routes.dart,305
earn_staking,real_page,AppRoutePaths.earnDeveloperConsole,earnDeveloperConsole,AppRouteNames.sc396StakingDeveloperConsole,sc396StakingDeveloperConsole,StakingDeveloperConsolePage,lib/app/router/route_groups/earn_staking_routes.dart,317
earn_staking,real_page,AppRoutePaths.earnEmergencyActions,earnEmergencyActions,AppRouteNames.sc385StakingEmergencyActions,sc385StakingEmergencyActions,StakingEmergencyActionsPage,lib/app/router/route_groups/earn_staking_routes.dart,253
earn_staking,real_page,AppRoutePaths.earnFAQ,earnFAQ,AppRouteNames.sc370StakingFAQ,sc370StakingFAQ,StakingFAQPage,lib/app/router/route_groups/earn_staking_routes.dart,164
earn_staking,real_page,AppRoutePaths.earnForum,earnForum,AppRouteNames.sc392StakingForum,sc392StakingForum,StakingForumPage,lib/app/router/route_groups/earn_staking_routes.dart,295
earn_staking,real_page,AppRoutePaths.earnGuide,earnGuide,AppRouteNames.sc369StakingGuide,sc369StakingGuide,StakingGuidePage,lib/app/router/route_groups/earn_staking_routes.dart,159
earn_staking,real_page,AppRoutePaths.earnHistory,earnHistory,AppRouteNames.sc360StakingHistory,sc360StakingHistory,StakingHistoryPage,lib/app/router/route_groups/earn_staking_routes.dart,91
earn_staking,real_page,AppRoutePaths.earnInstitutional,earnInstitutional,AppRouteNames.sc368StakingInstitutional,sc368StakingInstitutional,StakingInstitutionalPage,lib/app/router/route_groups/earn_staking_routes.dart,153
earn_staking,real_page,AppRoutePaths.earnInsurance,earnInsurance,AppRouteNames.sc365StakingInsurance,sc365StakingInsurance,StakingInsurancePage,lib/app/router/route_groups/earn_staking_routes.dart,136
earn_staking,real_page,AppRoutePaths.earnInsuranceFundTransparency,earnInsuranceFundTransparency,AppRouteNames.sc377StakingInsuranceFundTransparency,sc377StakingInsuranceFundTransparency,StakingInsuranceFundTransparencyPage,lib/app/router/route_groups/earn_staking_routes.dart,204
earn_staking,real_page,AppRoutePaths.earnLiquidStaking,earnLiquidStaking,AppRouteNames.sc364StakingLiquidStaking,sc364StakingLiquidStaking,StakingLiquidStakingPage,lib/app/router/route_groups/earn_staking_routes.dart,130
earn_staking,real_page,AppRoutePaths.earnMultiChain,earnMultiChain,AppRouteNames.sc367StakingMultiChain,sc367StakingMultiChain,StakingMultiChainPage,lib/app/router/route_groups/earn_staking_routes.dart,147
earn_staking,real_page,AppRoutePaths.earnNotifications,earnNotifications,AppRouteNames.sc371StakingNotifications,sc371StakingNotifications,StakingNotificationsPage,lib/app/router/route_groups/earn_staking_routes.dart,169
earn_staking,real_page,AppRoutePaths.earnProofOfReserves,earnProofOfReserves,AppRouteNames.sc380StakingProofOfReserves,sc380StakingProofOfReserves,StakingProofOfReservesPage,lib/app/router/route_groups/earn_staking_routes.dart,223
earn_staking,real_page,AppRoutePaths.earnProposals,earnProposals,AppRouteNames.sc389StakingProposals,sc389StakingProposals,StakingProposalsPage,lib/app/router/route_groups/earn_staking_routes.dart,277
earn_staking,real_page,AppRoutePaths.earnRecommendations,earnRecommendations,AppRouteNames.sc372StakingRecommendations,sc372StakingRecommendations,StakingRecommendationsPage,lib/app/router/route_groups/earn_staking_routes.dart,175
earn_staking,real_page,AppRoutePaths.earnRegulatoryFramework,earnRegulatoryFramework,AppRouteNames.sc373StakingRegulatoryFramework,sc373StakingRegulatoryFramework,StakingRegulatoryFrameworkPage,lib/app/router/route_groups/earn_staking_routes.dart,181
earn_staking,real_page,AppRoutePaths.earnRiskDashboard,earnRiskDashboard,AppRouteNames.sc381StakingRiskDashboard,sc381StakingRiskDashboard,StakingRiskDashboardPage,lib/app/router/route_groups/earn_staking_routes.dart,229
earn_staking,real_page,AppRoutePaths.earnRiskScoreCalculator,earnRiskScoreCalculator,AppRouteNames.sc384StakingRiskScoreCalculator,sc384StakingRiskScoreCalculator,StakingRiskScoreCalculatorPage,lib/app/router/route_groups/earn_staking_routes.dart,247
earn_staking,real_page,AppRoutePaths.earnSlashingHistory,earnSlashingHistory,AppRouteNames.sc382StakingSlashingHistory,sc382StakingSlashingHistory,StakingSlashingHistoryPage,lib/app/router/route_groups/earn_staking_routes.dart,235
earn_staking,real_page,AppRoutePaths.earnSocialFeed,earnSocialFeed,AppRouteNames.sc387StakingSocialFeed,sc387StakingSocialFeed,StakingSocialFeedPage,lib/app/router/route_groups/earn_staking_routes.dart,265
earn_staking,real_page,AppRoutePaths.earnStaking,earnStaking,AppRouteNames.sc328StakingEarnStaking,sc328StakingEarnStaking,StakingEarnPage,lib/app/router/route_groups/earn_staking_routes.dart,61
earn_staking,real_page,AppRoutePaths.earnStakingRiskAssessment,earnStakingRiskAssessment,AppRouteNames.sc357StakingRiskAssessment,sc357StakingRiskAssessment,StakingRiskAssessmentPage,lib/app/router/route_groups/earn_staking_routes.dart,96
earn_staking,real_page,AppRoutePaths.earnStakingRiskDisclosure,earnStakingRiskDisclosure,AppRouteNames.sc354StakingRiskDisclosure,sc354StakingRiskDisclosure,StakingRiskDisclosurePage,lib/app/router/route_groups/earn_staking_routes.dart,74
earn_staking,real_page,AppRoutePaths.earnStakingTaxGuide,earnStakingTaxGuide,AppRouteNames.sc356StakingTaxGuide,sc356StakingTaxGuide,StakingTaxGuidePage,lib/app/router/route_groups/earn_staking_routes.dart,86
earn_staking,real_page,AppRoutePaths.earnStakingTerms,earnStakingTerms,AppRouteNames.sc353StakingTerms,sc353StakingTerms,StakingTermsPage,lib/app/router/route_groups/earn_staking_routes.dart,69
earn_staking,real_page,AppRoutePaths.earnStakingWithdrawalPolicy,earnStakingWithdrawalPolicy,AppRouteNames.sc355StakingWithdrawalPolicy,sc355StakingWithdrawalPolicy,StakingWithdrawalPolicyPage,lib/app/router/route_groups/earn_staking_routes.dart,80
earn_staking,real_page,AppRoutePaths.earnSuitabilityAssessment,earnSuitabilityAssessment,AppRouteNames.sc376StakingSuitabilityAssessment,sc376StakingSuitabilityAssessment,StakingSuitabilityAssessmentPage,lib/app/router/route_groups/earn_staking_routes.dart,198
earn_staking,real_page,AppRoutePaths.earnThirdPartyIntegrations,earnThirdPartyIntegrations,AppRouteNames.sc395StakingThirdPartyIntegrations,sc395StakingThirdPartyIntegrations,StakingThirdPartyIntegrationsPage,lib/app/router/route_groups/earn_staking_routes.dart,311
earn_staking,real_page,AppRoutePaths.earnTransactionReporting,earnTransactionReporting,AppRouteNames.sc378StakingTransactionReporting,sc378StakingTransactionReporting,StakingTransactionReportingPage,lib/app/router/route_groups/earn_staking_routes.dart,211
earn_staking,real_page,AppRoutePaths.earnValidatorHealthMonitor,earnValidatorHealthMonitor,AppRouteNames.sc383StakingValidatorHealthMonitor,sc383StakingValidatorHealthMonitor,StakingValidatorHealthMonitorPage,lib/app/router/route_groups/earn_staking_routes.dart,241
earn_staking,real_page,AppRoutePaths.earnValidatorSelection,earnValidatorSelection,AppRouteNames.sc362StakingValidatorSelection,sc362StakingValidatorSelection,StakingValidatorSelectionPage,lib/app/router/route_groups/earn_staking_routes.dart,118
earn_staking,real_page,AppRoutePaths.earnVoting,earnVoting,AppRouteNames.sc391StakingVoting,sc391StakingVoting,StakingVotingPage,lib/app/router/route_groups/earn_staking_routes.dart,290
earn_staking,real_page,AppRoutePaths.earnVotingProposalRoute,earnVotingProposalRoute,AppRouteNames.sc390StakingVotingDetail,sc390StakingVotingDetail,StakingVotingPage,lib/app/router/route_groups/earn_staking_routes.dart,282
earn_staking,real_page,AppRoutePaths.earnWebhooks,earnWebhooks,AppRouteNames.sc393StakingWebhooks,sc393StakingWebhooks,StakingWebhooksPage,lib/app/router/route_groups/earn_staking_routes.dart,300
home,real_page,AppRoutePaths.home,home,AppRouteNames.sc007Home,sc007Home,switch,lib/app/router/route_groups/home_routes.dart,17
home,real_page,AppRoutePaths.news,news,AppRouteNames.sc047News,sc047News,NewsPage,lib/app/router/route_groups/home_routes.dart,30
launchpad,real_page,AppRoutePaths.launchpad,launchpad,AppRouteNames.sc295Launchpad,sc295Launchpad,LaunchpadPage,lib/app/router/route_groups/launchpad_routes.dart,34
launchpad,real_page,AppRoutePaths.launchpadAbiDiff,launchpadAbiDiff,AppRouteNames.sc308LaunchpadAbiDiff,sc308LaunchpadAbiDiff,LaunchpadAbiDiffPage,lib/app/router/route_groups/launchpad_routes.dart,103
launchpad,real_page,AppRoutePaths.launchpadAddressBook,launchpadAddressBook,AppRouteNames.sc309LaunchpadAddressBook,sc309LaunchpadAddressBook,LaunchpadAddressBookPage,lib/app/router/route_groups/launchpad_routes.dart,108
launchpad,real_page,AppRoutePaths.launchpadBatchClaim,launchpadBatchClaim,AppRouteNames.sc304LaunchpadBatchClaim,sc304LaunchpadBatchClaim,LaunchpadBatchClaimPage,lib/app/router/route_groups/launchpad_routes.dart,79
launchpad,real_page,AppRoutePaths.launchpadBridgeCompare,launchpadBridgeCompare,AppRouteNames.sc305LaunchpadBridgeCompare,sc305LaunchpadBridgeCompare,LaunchpadBridgeComparePage,lib/app/router/route_groups/launchpad_routes.dart,85
launchpad,real_page,AppRoutePaths.launchpadBridgeOrderTx001,launchpadBridgeOrderTx001,AppRouteNames.sc303LaunchpadBridgeOrder,sc303LaunchpadBridgeOrder,LaunchpadBridgeOrderPage,lib/app/router/route_groups/launchpad_routes.dart,167
launchpad,real_page,AppRoutePaths.launchpadClaimReceiptPos001,launchpadClaimReceiptPos001,AppRouteNames.sc302LaunchpadClaimReceipt,sc302LaunchpadClaimReceipt,LaunchpadClaimReceiptPage,lib/app/router/route_groups/launchpad_routes.dart,73
launchpad,real_page,AppRoutePaths.launchpadContractSample,launchpadContractSample,AppRouteNames.sc300LaunchpadContract,sc300LaunchpadContract,LaunchpadContractPage,lib/app/router/route_groups/launchpad_routes.dart,62
launchpad,real_page,AppRoutePaths.launchpadDcaBuilder,launchpadDcaBuilder,AppRouteNames.sc316LaunchpadDcaBuilder,sc316LaunchpadDcaBuilder,LaunchpadDcaBuilderPage,lib/app/router/route_groups/launchpad_routes.dart,150
launchpad,real_page,AppRoutePaths.launchpadEventLog,launchpadEventLog,AppRouteNames.sc307LaunchpadEventLog,sc307LaunchpadEventLog,LaunchpadEventLogPage,lib/app/router/route_groups/launchpad_routes.dart,97
launchpad,real_page,AppRoutePaths.launchpadGasTracker,launchpadGasTracker,AppRouteNames.sc311LaunchpadGasTracker,sc311LaunchpadGasTracker,LaunchpadGasTrackerPage,lib/app/router/route_groups/launchpad_routes.dart,120
launchpad,real_page,AppRoutePaths.launchpadIdoBridgeSample,launchpadIdoBridgeSample,AppRouteNames.sc299LaunchpadIdoBridge,sc299LaunchpadIdoBridge,LaunchpadIdoBridgePage,lib/app/router/route_groups/launchpad_routes.dart,56
launchpad,real_page,AppRoutePaths.launchpadLimitOrders,launchpadLimitOrders,AppRouteNames.sc315LaunchpadLimitOrders,sc315LaunchpadLimitOrders,LaunchpadLimitOrdersPage,lib/app/router/route_groups/launchpad_routes.dart,144
launchpad,real_page,AppRoutePaths.launchpadMultisig,launchpadMultisig,AppRouteNames.sc313LaunchpadMultisig,sc313LaunchpadMultisig,LaunchpadMultisigPage,lib/app/router/route_groups/launchpad_routes.dart,132
launchpad,real_page,AppRoutePaths.launchpadNotifSound,launchpadNotifSound,AppRouteNames.sc306LaunchpadNotifSound,sc306LaunchpadNotifSound,LaunchpadNotifSoundPage,lib/app/router/route_groups/launchpad_routes.dart,91
launchpad,real_page,AppRoutePaths.launchpadPerformance,launchpadPerformance,AppRouteNames.sc297LaunchpadPerformance,sc297LaunchpadPerformance,LaunchpadPerformancePage,lib/app/router/route_groups/launchpad_routes.dart,45
launchpad,real_page,AppRoutePaths.launchpadPortfolio,launchpadPortfolio,AppRouteNames.sc296LaunchpadPortfolio,sc296LaunchpadPortfolio,LaunchpadPortfolioPage,lib/app/router/route_groups/launchpad_routes.dart,39
launchpad,real_page,AppRoutePaths.launchpadRebalance,launchpadRebalance,AppRouteNames.sc312LaunchpadRebalance,sc312LaunchpadRebalance,LaunchpadRebalancePage,lib/app/router/route_groups/launchpad_routes.dart,126
launchpad,real_page,AppRoutePaths.launchpadReceiptSub001,launchpadReceiptSub001,AppRouteNames.sc301LaunchpadReceipt,sc301LaunchpadReceipt,LaunchpadReceiptPage,lib/app/router/route_groups/launchpad_routes.dart,68
launchpad,real_page,AppRoutePaths.launchpadRiskAnalytics,launchpadRiskAnalytics,AppRouteNames.sc317LaunchpadRiskAnalytics,sc317LaunchpadRiskAnalytics,LaunchpadRiskAnalyticsPage,lib/app/router/route_groups/launchpad_routes.dart,156
launchpad,real_page,AppRoutePaths.launchpadSample,launchpadSample,AppRouteNames.sc318LaunchpadDetail,sc318LaunchpadDetail,LaunchpadDetailPage,lib/app/router/route_groups/launchpad_routes.dart,162
launchpad,real_page,AppRoutePaths.launchpadStaking,launchpadStaking,AppRouteNames.sc298LaunchpadStaking,sc298LaunchpadStaking,LaunchpadStakingPage,lib/app/router/route_groups/launchpad_routes.dart,51
launchpad,real_page,AppRoutePaths.launchpadSwapAggregator,launchpadSwapAggregator,AppRouteNames.sc314LaunchpadSwapAggregator,sc314LaunchpadSwapAggregator,LaunchpadSwapAggregatorPage,lib/app/router/route_groups/launchpad_routes.dart,138
launchpad,real_page,AppRoutePaths.launchpadWebhooks,launchpadWebhooks,AppRouteNames.sc310LaunchpadWebhooks,sc310LaunchpadWebhooks,LaunchpadWebhooksPage,lib/app/router/route_groups/launchpad_routes.dart,114
markets,real_page,'/pair/:pairId','/pair/:pairId',AppRouteNames.sc044PairDetail,sc044PairDetail,PairDetailPage,lib/app/router/route_groups/markets_routes.dart,147
markets,real_page,'/pair/:pairId/depth','/pair/:pairId/depth',AppRouteNames.sc046PairDepth,sc046PairDepth,MarketDepthPage,lib/app/router/route_groups/markets_routes.dart,165
markets,real_page,'/pair/:pairId/info','/pair/:pairId/info',AppRouteNames.sc045TokenInfo,sc045TokenInfo,TokenInfoPage,lib/app/router/route_groups/markets_routes.dart,156
markets,real_page,AppRoutePaths.markets,markets,AppRouteNames.sc008MarketList,sc008MarketList,switch,lib/app/router/route_groups/markets_routes.dart,36
markets,real_page,AppRoutePaths.marketsAdvancedCharts,marketsAdvancedCharts,AppRouteNames.sc023AdvancedCharts,sc023AdvancedCharts,AdvancedChartsPage,lib/app/router/route_groups/markets_routes.dart,121
markets,real_page,AppRoutePaths.marketsAlerts,marketsAlerts,AppRouteNames.sc014PriceAlerts,sc014PriceAlerts,PriceAlertsPage,lib/app/router/route_groups/markets_routes.dart,75
markets,real_page,AppRoutePaths.marketsCalendar,marketsCalendar,AppRouteNames.sc017MarketCalendar,sc017MarketCalendar,MarketCalendarPage,lib/app/router/route_groups/markets_routes.dart,90
markets,real_page,AppRoutePaths.marketsCompare,marketsCompare,AppRouteNames.sc016ComparisonTool,sc016ComparisonTool,ComparisonToolPage,lib/app/router/route_groups/markets_routes.dart,85
markets,real_page,AppRoutePaths.marketsCorrelations,marketsCorrelations,AppRouteNames.sc026MarketCorrelations,sc026MarketCorrelations,MarketCorrelationsPage,lib/app/router/route_groups/markets_routes.dart,136
markets,real_page,AppRoutePaths.marketsDepth,marketsDepth,AppRouteNames.sc019MarketDepth,sc019MarketDepth,MarketDepthPage,lib/app/router/route_groups/markets_routes.dart,101
markets,real_page,AppRoutePaths.marketsDerivatives,marketsDerivatives,AppRouteNames.sc018DerivativesOverview,sc018DerivativesOverview,DerivativesOverviewPage,lib/app/router/route_groups/markets_routes.dart,95
markets,real_page,AppRoutePaths.marketsHeatmap,marketsHeatmap,AppRouteNames.sc013MarketHeatmap,sc013MarketHeatmap,MarketHeatmapPage,lib/app/router/route_groups/markets_routes.dart,70
markets,real_page,AppRoutePaths.marketsMovers,marketsMovers,AppRouteNames.sc010MarketMovers,sc010MarketMovers,MarketMoversPage,lib/app/router/route_groups/markets_routes.dart,52
markets,real_page,AppRoutePaths.marketsNews,marketsNews,AppRouteNames.sc022MarketNews,sc022MarketNews,MarketNewsPage,lib/app/router/route_groups/markets_routes.dart,116
markets,real_page,AppRoutePaths.marketsOverview,marketsOverview,AppRouteNames.sc009MarketOverview,sc009MarketOverview,MarketOverviewPage,lib/app/router/route_groups/markets_routes.dart,47
markets,real_page,AppRoutePaths.marketsPortfolioTracker,marketsPortfolioTracker,AppRouteNames.sc021PortfolioTracker,sc021PortfolioTracker,PortfolioTrackerPage,lib/app/router/route_groups/markets_routes.dart,111
markets,real_page,AppRoutePaths.marketsScreener,marketsScreener,AppRouteNames.sc015MarketScreener,sc015MarketScreener,MarketScreenerPage,lib/app/router/route_groups/markets_routes.dart,80
markets,real_page,AppRoutePaths.marketsSectors,marketsSectors,AppRouteNames.sc011MarketSectors,sc011MarketSectors,MarketSectorsPage,lib/app/router/route_groups/markets_routes.dart,57
markets,real_page,AppRoutePaths.marketsSignals,marketsSignals,AppRouteNames.sc025SocialSignals,sc025SocialSignals,SocialSignalsPage,lib/app/router/route_groups/markets_routes.dart,131
markets,real_page,AppRoutePaths.marketsSocialSentiment,marketsSocialSentiment,AppRouteNames.sc020SocialSentiment,sc020SocialSentiment,SocialSentimentPage,lib/app/router/route_groups/markets_routes.dart,106
markets,real_page,AppRoutePaths.marketsUnlocks,marketsUnlocks,AppRouteNames.sc024TokenUnlocks,sc024TokenUnlocks,TokenUnlocksPage,lib/app/router/route_groups/markets_routes.dart,126
markets,real_page,AppRoutePaths.marketsWatchlist,marketsWatchlist,AppRouteNames.sc012Watchlist,sc012Watchlist,WatchlistPage,lib/app/router/route_groups/markets_routes.dart,65
p2p_account,real_page,'/p2p/merchant/:merchantId','/p2p/merchant/:merchantId',AppRouteNames.sc228P2PMerchantProfile,sc228P2PMerchantProfile,P2PMerchantProfilePage,lib/app/router/route_groups/p2p_account_routes.dart,30
p2p_account,real_page,'/p2p/payment-method/ownership/:methodId','/p2p/payment-method/ownership/:methodId',AppRouteNames.sc234P2PPaymentMethodOwnership,sc234P2PPaymentMethodOwnership,P2PPaymentMethodOwnershipPage,lib/app/router/route_groups/p2p_account_routes.dart,102
p2p_account,real_page,'/p2p/payment-method/verification/:methodId','/p2p/payment-method/verification/:methodId',AppRouteNames.sc233P2PPaymentMethodVerification,sc233P2PPaymentMethodVerification,P2PPaymentMethodVerificationPage,lib/app/router/route_groups/p2p_account_routes.dart,94
p2p_account,real_page,AppRoutePaths.p2pKycAddress,p2pKycAddress,AppRouteNames.sc250P2PAddressProof,sc250P2PAddressProof,P2PAddressProofPage,lib/app/router/route_groups/p2p_account_routes.dart,55
p2p_account,real_page,AppRoutePaths.p2pKycFaceMatch,p2pKycFaceMatch,AppRouteNames.sc403P2PKycFaceMatch,sc403P2PKycFaceMatch,P2PSelfieVerificationPage,lib/app/router/route_groups/p2p_account_routes.dart,66
p2p_account,real_page,AppRoutePaths.p2pKycIdentity,p2pKycIdentity,AppRouteNames.sc249P2PIdentityVerification,sc249P2PIdentityVerification,P2PIdentityVerificationPage,lib/app/router/route_groups/p2p_account_routes.dart,49
p2p_account,real_page,AppRoutePaths.p2pKycRequirements,p2pKycRequirements,AppRouteNames.sc247P2PKycRequirements,sc247P2PKycRequirements,P2PKycRequirementsPage,lib/app/router/route_groups/p2p_account_routes.dart,38
p2p_account,real_page,AppRoutePaths.p2pKycSelfie,p2pKycSelfie,AppRouteNames.sc251P2PSelfieVerification,sc251P2PSelfieVerification,P2PSelfieVerificationPage,lib/app/router/route_groups/p2p_account_routes.dart,72
p2p_account,real_page,AppRoutePaths.p2pKycStatus,p2pKycStatus,AppRouteNames.sc248P2PKycStatus,sc248P2PKycStatus,P2PKycStatusPage,lib/app/router/route_groups/p2p_account_routes.dart,44
p2p_account,real_page,AppRoutePaths.p2pKycVerify,p2pKycVerify,AppRouteNames.sc402P2PKycVerify,sc402P2PKycVerify,P2PIdentityVerificationPage,lib/app/router/route_groups/p2p_account_routes.dart,60
p2p_account,real_page,AppRoutePaths.p2pKycVideo,p2pKycVideo,AppRouteNames.sc252P2PVideoVerification,sc252P2PVideoVerification,P2PVideoVerificationPage,lib/app/router/route_groups/p2p_account_routes.dart,78
p2p_account,real_page,AppRoutePaths.p2pMerchantApply,p2pMerchantApply,AppRouteNames.sc227P2PMerchantApply,sc227P2PMerchantApply,P2PMerchantApplyPage,lib/app/router/route_groups/p2p_account_routes.dart,25
p2p_account,real_page,AppRoutePaths.p2pPaymentMethodAdd,p2pPaymentMethodAdd,AppRouteNames.sc232P2PPaymentMethodAdd,sc232P2PPaymentMethodAdd,P2PPaymentMethodAddPage,lib/app/router/route_groups/p2p_account_routes.dart,84
p2p_account,real_page,AppRoutePaths.p2pPaymentMethodCoolingPeriod,p2pPaymentMethodCoolingPeriod,AppRouteNames.sc235P2PPaymentMethodCoolingPeriod,sc235P2PPaymentMethodCoolingPeriod,P2PPaymentMethodCoolingPeriodPage,lib/app/router/route_groups/p2p_account_routes.dart,110
p2p_account,real_page,AppRoutePaths.p2pPaymentMethodHistory,p2pPaymentMethodHistory,AppRouteNames.sc236P2PPaymentMethodHistory,sc236P2PPaymentMethodHistory,P2PPaymentMethodHistoryPage,lib/app/router/route_groups/p2p_account_routes.dart,116
p2p_account,real_page,AppRoutePaths.p2pPaymentMethods,p2pPaymentMethods,AppRouteNames.sc237P2PPaymentMethods,sc237P2PPaymentMethods,P2PPaymentMethodsPage,lib/app/router/route_groups/p2p_account_routes.dart,122
p2p_dispute,real_page,'/p2p/dispute/:orderId','/p2p/dispute/:orderId',AppRouteNames.sc221P2PDispute,sc221P2PDispute,P2PDisputePage,lib/app/router/route_groups/p2p_dispute_routes.dart,45
p2p_dispute,real_page,'/p2p/dispute/detail/:disputeId','/p2p/dispute/detail/:disputeId',AppRouteNames.sc218P2PDisputeDetail,sc218P2PDisputeDetail,P2PDisputeDetailPage,lib/app/router/route_groups/p2p_dispute_routes.dart,21
p2p_dispute,real_page,'/p2p/dispute/evidence/:disputeId','/p2p/dispute/evidence/:disputeId',AppRouteNames.sc219P2PDisputeEvidence,sc219P2PDisputeEvidence,P2PDisputeEvidencePage,lib/app/router/route_groups/p2p_dispute_routes.dart,29
p2p_dispute,real_page,'/p2p/dispute/resolution/:disputeId','/p2p/dispute/resolution/:disputeId',AppRouteNames.sc220P2PDisputeResolution,sc220P2PDisputeResolution,P2PDisputeResolutionPage,lib/app/router/route_groups/p2p_dispute_routes.dart,37
p2p_dispute,real_page,'/p2p/insurance/claim/:claimId','/p2p/insurance/claim/:claimId',AppRouteNames.sc243P2PClaimDetail,sc243P2PClaimDetail,P2PClaimDetailPage,lib/app/router/route_groups/p2p_dispute_routes.dart,86
p2p_dispute,real_page,AppRoutePaths.p2pDisputes,p2pDisputes,AppRouteNames.sc222P2PDisputes,sc222P2PDisputes,P2PDisputesPage,lib/app/router/route_groups/p2p_dispute_routes.dart,53
p2p_dispute,real_page,AppRoutePaths.p2pInsurance,p2pInsurance,AppRouteNames.sc238P2PInsuranceFund,sc238P2PInsuranceFund,P2PInsuranceFundPage,lib/app/router/route_groups/p2p_dispute_routes.dart,58
p2p_dispute,real_page,AppRoutePaths.p2pInsuranceCertificate,p2pInsuranceCertificate,AppRouteNames.sc239P2PInsuranceCertificate,sc239P2PInsuranceCertificate,P2PInsuranceCertificatePage,lib/app/router/route_groups/p2p_dispute_routes.dart,68
p2p_dispute,real_page,AppRoutePaths.p2pInsurancePolicy,p2pInsurancePolicy,AppRouteNames.sc241P2PInsurancePolicy,sc241P2PInsurancePolicy,P2PInsurancePolicyPage,lib/app/router/route_groups/p2p_dispute_routes.dart,80
p2p_dispute,real_page,AppRoutePaths.p2pInsuranceScore,p2pInsuranceScore,AppRouteNames.sc240P2PInsuranceScore,sc240P2PInsuranceScore,P2PInsuranceScorePage,lib/app/router/route_groups/p2p_dispute_routes.dart,74
p2p_marketplace,real_page,'/p2p/ad-analytics/:adId','/p2p/ad-analytics/:adId',AppRouteNames.sc223P2PAdAnalytics,sc223P2PAdAnalytics,P2PAdAnalyticsPage,lib/app/router/route_groups/p2p_marketplace_routes.dart,42
p2p_marketplace,real_page,'/p2p/ad/:adId','/p2p/ad/:adId',AppRouteNames.sc224P2PAdDetail,sc224P2PAdDetail,P2PAdDetailPage,lib/app/router/route_groups/p2p_marketplace_routes.dart,50
p2p_marketplace,real_page,AppRoutePaths.p2p,p2p,AppRouteNames.sc282P2PHome,sc282P2PHome,P2PHomePage,lib/app/router/route_groups/p2p_marketplace_routes.dart,99
p2p_marketplace,real_page,AppRoutePaths.p2pCreate,p2pCreate,AppRouteNames.sc226P2PCreateAd,sc226P2PCreateAd,P2PCreateAdPage,lib/app/router/route_groups/p2p_marketplace_routes.dart,63
p2p_marketplace,real_page,AppRoutePaths.p2pDashboard,p2pDashboard,AppRouteNames.sc274P2PDashboard,sc274P2PDashboard,P2PDashboardPage,lib/app/router/route_groups/p2p_marketplace_routes.dart,94
p2p_marketplace,real_page,AppRoutePaths.p2pExpress,p2pExpress,AppRouteNames.sc211P2PExpress,sc211P2PExpress,P2PExpressPage,lib/app/router/route_groups/p2p_marketplace_routes.dart,24
p2p_marketplace,real_page,AppRoutePaths.p2pExpressConfirm,p2pExpressConfirm,AppRouteNames.sc210P2PExpressConfirm,sc210P2PExpressConfirm,P2PExpressConfirmPage,lib/app/router/route_groups/p2p_marketplace_routes.dart,29
p2p_marketplace,real_page,AppRoutePaths.p2pGuide,p2pGuide,AppRouteNames.sc280P2PGuide,sc280P2PGuide,P2PGuidePage,lib/app/router/route_groups/p2p_marketplace_routes.dart,73
p2p_marketplace,real_page,AppRoutePaths.p2pMyAds,p2pMyAds,AppRouteNames.sc225P2PMyAds,sc225P2PMyAds,P2PMyAdsPage,lib/app/router/route_groups/p2p_marketplace_routes.dart,58
p2p_marketplace,real_page,AppRoutePaths.p2pOrderBook,p2pOrderBook,AppRouteNames.sc273P2POrderBook,sc273P2POrderBook,P2POrderBookPage,lib/app/router/route_groups/p2p_marketplace_routes.dart,89
p2p_marketplace,real_page,AppRoutePaths.p2pSettings,p2pSettings,AppRouteNames.sc279P2PSettings,sc279P2PSettings,P2PSettingsPage,lib/app/router/route_groups/p2p_marketplace_routes.dart,78
p2p_marketplace,real_page,AppRoutePaths.p2pSettingsNotifications,p2pSettingsNotifications,AppRouteNames.sc278P2PNotificationsSettings,sc278P2PNotificationsSettings,P2PNotificationsSettingsPage,lib/app/router/route_groups/p2p_marketplace_routes.dart,83
p2p_marketplace,real_page,AppRoutePaths.p2pTradingLevel,p2pTradingLevel,AppRouteNames.sc230P2PTradingLevel,sc230P2PTradingLevel,P2PTradingLevelPage,lib/app/router/route_groups/p2p_marketplace_routes.dart,68
p2p_orders,real_page,'/p2p/chat/:orderId','/p2p/chat/:orderId',AppRouteNames.sc217P2PChat,sc217P2PChat,P2PChatPage,lib/app/router/route_groups/p2p_orders_routes.dart,63
p2p_orders,real_page,'/p2p/escrow/:orderId','/p2p/escrow/:orderId',AppRouteNames.sc246P2PEscrowDetail,sc246P2PEscrowDetail,P2PEscrowDetailPage,lib/app/router/route_groups/p2p_orders_routes.dart,79
p2p_orders,real_page,'/p2p/order/:orderId','/p2p/order/:orderId',AppRouteNames.sc216P2POrder,sc216P2POrder,P2POrderPage,lib/app/router/route_groups/p2p_orders_routes.dart,55
p2p_orders,real_page,'/p2p/order/cancel/:orderId','/p2p/order/cancel/:orderId',AppRouteNames.sc214P2POrderCancel,sc214P2POrderCancel,P2POrderCancelPage,lib/app/router/route_groups/p2p_orders_routes.dart,39
p2p_orders,real_page,'/p2p/order/proof/:orderId','/p2p/order/proof/:orderId',AppRouteNames.sc215P2POrderProof,sc215P2POrderProof,P2POrderProofPage,lib/app/router/route_groups/p2p_orders_routes.dart,47
p2p_orders,real_page,'/p2p/order/rate/:orderId','/p2p/order/rate/:orderId',AppRouteNames.sc213P2POrderRate,sc213P2POrderRate,P2POrderRatePage,lib/app/router/route_groups/p2p_orders_routes.dart,31
p2p_orders,real_page,'/p2p/order/timeline/:orderId','/p2p/order/timeline/:orderId',AppRouteNames.sc212P2POrderTimeline,sc212P2POrderTimeline,P2POrderTimelinePage,lib/app/router/route_groups/p2p_orders_routes.dart,23
p2p_orders,real_page,AppRoutePaths.p2pEscrowBalance,p2pEscrowBalance,AppRouteNames.sc245P2PEscrowBalance,sc245P2PEscrowBalance,P2PEscrowBalancePage,lib/app/router/route_groups/p2p_orders_routes.dart,71
p2p_orders,real_page,AppRoutePaths.p2pMyOrders,p2pMyOrders,AppRouteNames.sc281P2PMyOrders,sc281P2PMyOrders,P2PMyOrdersPage,lib/app/router/route_groups/p2p_orders_routes.dart,118
p2p_orders,real_page,AppRoutePaths.p2pWallet,p2pWallet,AppRouteNames.sc264P2PWallet,sc264P2PWallet,P2PWalletPage,lib/app/router/route_groups/p2p_orders_routes.dart,87
p2p_orders,real_page,AppRoutePaths.p2pWalletFundLockHistory,p2pWalletFundLockHistory,AppRouteNames.sc262P2PFundLockHistory,sc262P2PFundLockHistory,P2PFundLockHistoryPage,lib/app/router/route_groups/p2p_orders_routes.dart,104
p2p_orders,real_page,AppRoutePaths.p2pWalletHistory,p2pWalletHistory,AppRouteNames.sc263P2PWalletHistoryAlias,sc263P2PWalletHistoryAlias,P2PFundLockHistoryPage,lib/app/router/route_groups/p2p_orders_routes.dart,110
p2p_orders,real_page,AppRoutePaths.p2pWalletTransfer,p2pWalletTransfer,AppRouteNames.sc261P2PWalletTransfer,sc261P2PWalletTransfer,P2PWalletTransferPage,lib/app/router/route_groups/p2p_orders_routes.dart,92
p2p_security,real_page,'/p2p/report/:merchantId','/p2p/report/:merchantId',AppRouteNames.sc229P2PReportMerchant,sc229P2PReportMerchant,P2PReportMerchantPage,lib/app/router/route_groups/p2p_security_routes.dart,72
p2p_security,real_page,'/p2p/tax-report/detailed/:year','/p2p/tax-report/detailed/:year',AppRouteNames.sc407P2PTaxReportDetail,sc407P2PTaxReportDetail,P2PTaxReportingPage,lib/app/router/route_groups/p2p_security_routes.dart,168
p2p_security,real_page,AppRoutePaths.p2pAchievements,p2pAchievements,AppRouteNames.sc275P2PAchievements,sc275P2PAchievements,P2PAchievementsPage,lib/app/router/route_groups/p2p_security_routes.dart,163
p2p_security,real_page,AppRoutePaths.p2pBlacklist,p2pBlacklist,AppRouteNames.sc277P2PBlacklist,sc277P2PBlacklist,P2PBlacklistPage,lib/app/router/route_groups/p2p_security_routes.dart,96
p2p_security,real_page,AppRoutePaths.p2pBlacklistAdd,p2pBlacklistAdd,AppRouteNames.sc276P2PBlacklistAdd,sc276P2PBlacklistAdd,P2PBlacklistAddPage,lib/app/router/route_groups/p2p_security_routes.dart,91
p2p_security,real_page,AppRoutePaths.p2pComplianceAmlScreening,p2pComplianceAmlScreening,AppRouteNames.sc268P2PAmlScreening,sc268P2PAmlScreening,P2PAmlScreeningPage,lib/app/router/route_groups/p2p_security_routes.dart,129
p2p_security,real_page,AppRoutePaths.p2pComplianceLargeTransaction,p2pComplianceLargeTransaction,AppRouteNames.sc270P2PLargeTransaction,sc270P2PLargeTransaction,P2PLargeTransactionJustificationPage,lib/app/router/route_groups/p2p_security_routes.dart,139
p2p_security,real_page,AppRoutePaths.p2pComplianceOverview,p2pComplianceOverview,AppRouteNames.sc267P2PComplianceOverview,sc267P2PComplianceOverview,P2PComplianceOverviewPage,lib/app/router/route_groups/p2p_security_routes.dart,123
p2p_security,real_page,AppRoutePaths.p2pComplianceRiskAssessment,p2pComplianceRiskAssessment,AppRouteNames.sc271P2PRiskAssessment,sc271P2PRiskAssessment,P2PRiskAssessmentPage,lib/app/router/route_groups/p2p_security_routes.dart,152
p2p_security,real_page,AppRoutePaths.p2pComplianceSourceOfFunds,p2pComplianceSourceOfFunds,AppRouteNames.sc269P2PSourceOfFunds,sc269P2PSourceOfFunds,P2PSourceOfFundsPage,lib/app/router/route_groups/p2p_security_routes.dart,134
p2p_security,real_page,AppRoutePaths.p2pContributionHistory,p2pContributionHistory,AppRouteNames.sc242P2PContributionHistory,sc242P2PContributionHistory,P2PContributionHistoryPage,lib/app/router/route_groups/p2p_security_routes.dart,85
p2p_security,real_page,AppRoutePaths.p2pE2EInfo,p2pE2EInfo,AppRouteNames.sc259P2PE2EInfo,sc259P2PE2EInfo,P2PE2EInfoPage,lib/app/router/route_groups/p2p_security_routes.dart,101
p2p_security,real_page,AppRoutePaths.p2pFraudPrevention,p2pFraudPrevention,AppRouteNames.sc260P2PFraudPrevention,sc260P2PFraudPrevention,P2PFraudPreventionPage,lib/app/router/route_groups/p2p_security_routes.dart,106
p2p_security,real_page,AppRoutePaths.p2pLimits,p2pLimits,AppRouteNames.sc266P2PTransactionLimits,sc266P2PTransactionLimits,P2PTransactionLimitsPage,lib/app/router/route_groups/p2p_security_routes.dart,112
p2p_security,real_page,AppRoutePaths.p2pLimitsTracker,p2pLimitsTracker,AppRouteNames.sc265P2PLimitTracker,sc265P2PLimitTracker,P2PLimitTrackerPage,lib/app/router/route_groups/p2p_security_routes.dart,118
p2p_security,real_page,AppRoutePaths.p2pReviews,p2pReviews,AppRouteNames.sc231P2PReviews,sc231P2PReviews,P2PReviewsPage,lib/app/router/route_groups/p2p_security_routes.dart,80
p2p_security,real_page,AppRoutePaths.p2pSecurity2fa,p2pSecurity2fa,AppRouteNames.sc254P2P2FASettings,sc254P2P2FASettings,P2P2FASettingsPage,lib/app/router/route_groups/p2p_security_routes.dart,39
p2p_security,real_page,AppRoutePaths.p2pSecurityAntiPhishing,p2pSecurityAntiPhishing,AppRouteNames.sc256P2PAntiPhishingCode,sc256P2PAntiPhishingCode,P2PAntiPhishingCodePage,lib/app/router/route_groups/p2p_security_routes.dart,50
p2p_security,real_page,AppRoutePaths.p2pSecurityCenter,p2pSecurityCenter,AppRouteNames.sc253P2PSecurityCenter,sc253P2PSecurityCenter,P2PSecurityCenterPage,lib/app/router/route_groups/p2p_security_routes.dart,33
p2p_security,real_page,AppRoutePaths.p2pSecurityDevices,p2pSecurityDevices,AppRouteNames.sc255P2PDeviceManagement,sc255P2PDeviceManagement,P2PDeviceManagementPage,lib/app/router/route_groups/p2p_security_routes.dart,44
p2p_security,real_page,AppRoutePaths.p2pSecurityLoginHistory,p2pSecurityLoginHistory,AppRouteNames.sc257P2PLoginHistory,sc257P2PLoginHistory,P2PLoginHistoryPage,lib/app/router/route_groups/p2p_security_routes.dart,56
p2p_security,real_page,AppRoutePaths.p2pSecuritySuspiciousActivity,p2pSecuritySuspiciousActivity,AppRouteNames.sc258P2PSuspiciousActivity,sc258P2PSuspiciousActivity,P2PSuspiciousActivityPage,lib/app/router/route_groups/p2p_security_routes.dart,61
p2p_security,real_page,AppRoutePaths.p2pSecurityWhitelist,p2pSecurityWhitelist,AppRouteNames.sc404P2PWhitelistMode,sc404P2PWhitelistMode,P2PWhitelistModePage,lib/app/router/route_groups/p2p_security_routes.dart,67
p2p_security,real_page,AppRoutePaths.p2pTaxReporting,p2pTaxReporting,AppRouteNames.sc272P2PTaxReporting,sc272P2PTaxReporting,P2PTaxReportingPage,lib/app/router/route_groups/p2p_security_routes.dart,158
predictions,real_page,'/markets/predictions/advanced-chart/:eventId','/markets/predictions/advanced-chart/:eventId',AppRouteNames.sc041PredictionAdvancedChart,sc041PredictionAdvancedChart,PredictionAdvancedChartPage,lib/app/router/route_groups/predictions_routes.dart,113
predictions,real_page,'/markets/predictions/event/:eventId','/markets/predictions/event/:eventId',AppRouteNames.sc030PredictionEventDetail,sc030PredictionEventDetail,PredictionEventDetailPage,lib/app/router/route_groups/predictions_routes.dart,44
predictions,real_page,'/markets/predictions/receipt/:receiptId','/markets/predictions/receipt/:receiptId',AppRouteNames.sc035PredictionOrderReceipt,sc035PredictionOrderReceipt,PredictionOrderReceiptPage,lib/app/router/route_groups/predictions_routes.dart,76
predictions,real_page,'/markets/predictions/tournament/:tournamentId','/markets/predictions/tournament/:tournamentId',AppRouteNames.sc414PredictionTournamentDetail,sc414PredictionTournamentDetail,PredictionTournamentDetailPage,lib/app/router/route_groups/predictions_routes.dart,128
predictions,real_page,AppRoutePaths.marketsPredictions,marketsPredictions,AppRouteNames.sc027PredictionsHome,sc027PredictionsHome,PredictionsHomePage,lib/app/router/route_groups/predictions_routes.dart,27
predictions,real_page,AppRoutePaths.marketsPredictionsActivity,marketsPredictionsActivity,AppRouteNames.sc034PredictionsGlobalActivity,sc034PredictionsGlobalActivity,PredictionsGlobalActivityPage,lib/app/router/route_groups/predictions_routes.dart,70
predictions,real_page,AppRoutePaths.marketsPredictionsBreaking,marketsPredictionsBreaking,AppRouteNames.sc029PredictionsBreaking,sc029PredictionsBreaking,PredictionsBreakingPage,lib/app/router/route_groups/predictions_routes.dart,38
predictions,real_page,AppRoutePaths.marketsPredictionsDataIntegration,marketsPredictionsDataIntegration,AppRouteNames.sc043PredictionDataIntegration,sc043PredictionDataIntegration,PredictionDataIntegrationPage,lib/app/router/route_groups/predictions_routes.dart,136
predictions,real_page,AppRoutePaths.marketsPredictionsEventCalendar,marketsPredictionsEventCalendar,AppRouteNames.sc039PredictionEventCalendar,sc039PredictionEventCalendar,PredictionEventCalendarPage,lib/app/router/route_groups/predictions_routes.dart,102
predictions,real_page,AppRoutePaths.marketsPredictionsLeaderboard,marketsPredictionsLeaderboard,AppRouteNames.sc033PredictionsLeaderboard,sc033PredictionsLeaderboard,PredictionsLeaderboardPage,lib/app/router/route_groups/predictions_routes.dart,64
predictions,real_page,AppRoutePaths.marketsPredictionsMarketMaker,marketsPredictionsMarketMaker,AppRouteNames.sc037PredictionMarketMaker,sc037PredictionMarketMaker,PredictionMarketMakerPage,lib/app/router/route_groups/predictions_routes.dart,90
predictions,real_page,AppRoutePaths.marketsPredictionsPortfolio,marketsPredictionsPortfolio,AppRouteNames.sc031PredictionsPortfolio,sc031PredictionsPortfolio,PredictionsPortfolioPage,lib/app/router/route_groups/predictions_routes.dart,52
predictions,real_page,AppRoutePaths.marketsPredictionsPortfolioAnalyzer,marketsPredictionsPortfolioAnalyzer,AppRouteNames.sc038PredictionPortfolioAnalyzer,sc038PredictionPortfolioAnalyzer,PredictionPortfolioAnalyzerPage,lib/app/router/route_groups/predictions_routes.dart,96
predictions,real_page,AppRoutePaths.marketsPredictionsRewards,marketsPredictionsRewards,AppRouteNames.sc032PredictionsRewards,sc032PredictionsRewards,PredictionsRewardsPage,lib/app/router/route_groups/predictions_routes.dart,58
predictions,real_page,AppRoutePaths.marketsPredictionsRiskCalculator,marketsPredictionsRiskCalculator,AppRouteNames.sc036PredictionRiskCalculator,sc036PredictionRiskCalculator,PredictionRiskCalculatorPage,lib/app/router/route_groups/predictions_routes.dart,84
predictions,real_page,AppRoutePaths.marketsPredictionsSearch,marketsPredictionsSearch,AppRouteNames.sc028PredictionsSearch,sc028PredictionsSearch,PredictionsSearchPage,lib/app/router/route_groups/predictions_routes.dart,32
predictions,real_page,AppRoutePaths.marketsPredictionsSocial,marketsPredictionsSocial,AppRouteNames.sc040PredictionSocial,sc040PredictionSocial,PredictionSocialPage,lib/app/router/route_groups/predictions_routes.dart,108
predictions,real_page,AppRoutePaths.marketsPredictionsTournaments,marketsPredictionsTournaments,AppRouteNames.sc042PredictionTournaments,sc042PredictionTournaments,PredictionTournamentsPage,lib/app/router/route_groups/predictions_routes.dart,122
profile,real_page,AppRoutePaths.profile,profile,AppRouteNames.sc156Profile,sc156Profile,switch,lib/app/router/route_groups/profile_routes.dart,27
profile,real_page,AppRoutePaths.profileActivity,profileActivity,AppRouteNames.sc161ActivityLog,sc161ActivityLog,ActivityLogPage,lib/app/router/route_groups/profile_routes.dart,58
profile,real_page,AppRoutePaths.profileApi,profileApi,AppRouteNames.sc163ApiManagement,sc163ApiManagement,ApiManagementPage,lib/app/router/route_groups/profile_routes.dart,63
profile,real_page,AppRoutePaths.profileApiCreate,profileApiCreate,AppRouteNames.sc162ApiKeyCreate,sc162ApiKeyCreate,ApiKeyCreatePage,lib/app/router/route_groups/profile_routes.dart,68
profile,real_page,AppRoutePaths.profileDevices,profileDevices,AppRouteNames.sc165DeviceManagement,sc165DeviceManagement,DeviceManagementPage,lib/app/router/route_groups/profile_routes.dart,78
profile,real_page,AppRoutePaths.profileEdit,profileEdit,AppRouteNames.sc157EditProfile,sc157EditProfile,EditProfilePage,lib/app/router/route_groups/profile_routes.dart,38
profile,real_page,AppRoutePaths.profileKyc,profileKyc,AppRouteNames.sc159Kyc,sc159Kyc,KYCPage,lib/app/router/route_groups/profile_routes.dart,43
profile,real_page,AppRoutePaths.profileSecurity,profileSecurity,AppRouteNames.sc158Security,sc158Security,SecurityPage,lib/app/router/route_groups/profile_routes.dart,48
profile,real_page,AppRoutePaths.profileSettings,profileSettings,AppRouteNames.sc160Settings,sc160Settings,SettingsPage,lib/app/router/route_groups/profile_routes.dart,53
profile,real_page,AppRoutePaths.profileSubAccounts,profileSubAccounts,AppRouteNames.sc166SubAccount,sc166SubAccount,SubAccountPage,lib/app/router/route_groups/profile_routes.dart,83
profile,real_page,AppRoutePaths.profileVip,profileVip,AppRouteNames.sc164Vip,sc164Vip,VIPPage,lib/app/router/route_groups/profile_routes.dart,73
profile,real_page,AppRoutePaths.settingsSecurity,settingsSecurity,AppRouteNames.sc413SettingsSecurity,sc413SettingsSecurity,SecurityPage,lib/app/router/route_groups/profile_routes.dart,98
profile,real_page,AppRoutePaths.settingsSecurityBiometric,settingsSecurityBiometric,AppRouteNames.sc405SettingsSecurityBiometric,sc405SettingsSecurityBiometric,SecurityPage,lib/app/router/route_groups/profile_routes.dart,103
profile,real_page,AppRoutePaths.settingsSecurityChangePassword,settingsSecurityChangePassword,AppRouteNames.sc406SettingsSecurityChangePassword,sc406SettingsSecurityChangePassword,SecurityPage,lib/app/router/route_groups/profile_routes.dart,108
support,real_page,AppRoutePaths.support,support,AppRouteNames.sc294Support,sc294Support,SupportPage,lib/app/router/route_groups/support_routes.dart,13
support,real_page,AppRoutePaths.supportAnnouncements,supportAnnouncements,AppRouteNames.sc293Announcements,sc293Announcements,AnnouncementsPage,lib/app/router/route_groups/support_routes.dart,28
support,real_page,AppRoutePaths.supportHelp,supportHelp,AppRouteNames.sc292HelpCenter,sc292HelpCenter,HelpCenterPage,lib/app/router/route_groups/support_routes.dart,23
trade,real_page,'/trade/:pairId','/trade/:pairId',AppRouteNames.sc049TradePair,sc049TradePair,TradePage,lib/app/router/route_groups/trade_routes.dart,143
trade,real_page,'/trade/:pairId/futures','/trade/:pairId/futures',AppRouteNames.sc057Futures,sc057Futures,FuturesPage,lib/app/router/route_groups/trade_routes.dart,134
trade,real_page,'/trade/:pairId/futures/leverage','/trade/:pairId/futures/leverage',AppRouteNames.sc058Leverage,sc058Leverage,LeveragePage,lib/app/router/route_groups/trade_routes.dart,125
trade,real_page,AppRoutePaths.trade,trade,AppRouteNames.sc048Trade,sc048Trade,TradePage,lib/app/router/route_groups/trade_routes.dart,31
trade,real_page,AppRoutePaths.tradeConvert,tradeConvert,AppRouteNames.sc056Convert,sc056Convert,ConvertPage,lib/app/router/route_groups/trade_routes.dart,56
trade,real_page,AppRoutePaths.tradeExport,tradeExport,AppRouteNames.sc054TradeHistoryExport,sc054TradeHistoryExport,TradeHistoryExportPage,lib/app/router/route_groups/trade_routes.dart,119
trade,real_page,AppRoutePaths.tradeMargin,tradeMargin,AppRouteNames.sc085MarginTrading,sc085MarginTrading,MarginTradingPage,lib/app/router/route_groups/trade_routes.dart,66
trade,real_page,AppRoutePaths.tradeMarginBtcusdt,tradeMarginBtcusdt,AppRouteNames.sc086MarginTradingPair,sc086MarginTradingPair,MarginTradingPage,lib/app/router/route_groups/trade_routes.dart,71
trade,real_page,AppRoutePaths.tradeMarginHub,tradeMarginHub,AppRouteNames.sc090MarginTradingHub,sc090MarginTradingHub,MarginTradingHubPage,lib/app/router/route_groups/trade_routes.dart,80
trade,real_page,AppRoutePaths.tradeOrderReceipt,tradeOrderReceipt,AppRouteNames.sc051OrderReceipt,sc051OrderReceipt,switch,lib/app/router/route_groups/trade_routes.dart,87
trade,real_page,AppRoutePaths.tradeOrdersHistory,tradeOrdersHistory,AppRouteNames.sc050OrdersHistory,sc050OrdersHistory,OrdersHistoryPage,lib/app/router/route_groups/trade_routes.dart,103
trade,real_page,AppRoutePaths.tradePositions,tradePositions,AppRouteNames.sc053PositionDashboard,sc053PositionDashboard,PositionDashboardPage,lib/app/router/route_groups/trade_routes.dart,108
trade,real_page,AppRoutePaths.tradeSettings,tradeSettings,AppRouteNames.sc052TradeSettings,sc052TradeSettings,TradeSettingsPage,lib/app/router/route_groups/trade_routes.dart,114
trade_bots,real_page,AppRoutePaths.tradeBotApiDocumentation,tradeBotApiDocumentation,AppRouteNames.sc134BotApiDocumentation,sc134BotApiDocumentation,BotApiDocumentationPage,lib/app/router/route_groups/trade_bots_routes.dart,126
trade_bots,real_page,AppRoutePaths.tradeBotBacktesting,tradeBotBacktesting,AppRouteNames.sc125BotBacktesting,sc125BotBacktesting,BotBacktestingPage,lib/app/router/route_groups/trade_bots_routes.dart,78
trade_bots,real_page,AppRoutePaths.tradeBotDrawdownAnalyzer,tradeBotDrawdownAnalyzer,AppRouteNames.sc129BotDrawdownAnalyzer,sc129BotDrawdownAnalyzer,BotDrawdownAnalyzerPage,lib/app/router/route_groups/trade_bots_routes.dart,100
trade_bots,real_page,AppRoutePaths.tradeBotEmergencyStop,tradeBotEmergencyStop,AppRouteNames.sc121BotEmergencyStop,sc121BotEmergencyStop,BotEmergencyStopPage,lib/app/router/route_groups/trade_bots_routes.dart,56
trade_bots,real_page,AppRoutePaths.tradeBotEquityCurve,tradeBotEquityCurve,AppRouteNames.sc130BotEquityCurve,sc130BotEquityCurve,BotEquityCurvePage,lib/app/router/route_groups/trade_bots_routes.dart,106
trade_bots,real_page,AppRoutePaths.tradeBotFaq,tradeBotFaq,AppRouteNames.sc132BotFaq,sc132BotFaq,BotFaqPage,lib/app/router/route_groups/trade_bots_routes.dart,116
trade_bots,real_page,AppRoutePaths.tradeBotGuide,tradeBotGuide,AppRouteNames.sc131BotGuide,sc131BotGuide,BotGuidePage,lib/app/router/route_groups/trade_bots_routes.dart,111
trade_bots,real_page,AppRoutePaths.tradeBotHistory,tradeBotHistory,AppRouteNames.sc123BotHistory,sc123BotHistory,BotHistoryPage,lib/app/router/route_groups/trade_bots_routes.dart,67
trade_bots,real_page,AppRoutePaths.tradeBotOptimization,tradeBotOptimization,AppRouteNames.sc127BotOptimization,sc127BotOptimization,BotOptimizationPage,lib/app/router/route_groups/trade_bots_routes.dart,89
trade_bots,real_page,AppRoutePaths.tradeBotPerformanceAnalytics,tradeBotPerformanceAnalytics,AppRouteNames.sc124BotPerformanceAnalytics,sc124BotPerformanceAnalytics,BotPerformanceAnalyticsPage,lib/app/router/route_groups/trade_bots_routes.dart,72
trade_bots,real_page,AppRoutePaths.tradeBotPortfolioDashboard,tradeBotPortfolioDashboard,AppRouteNames.sc128BotPortfolioDashboard,sc128BotPortfolioDashboard,BotPortfolioDashboardPage,lib/app/router/route_groups/trade_bots_routes.dart,94
trade_bots,real_page,AppRoutePaths.tradeBotRiskDashboard,tradeBotRiskDashboard,AppRouteNames.sc120BotRiskDashboard,sc120BotRiskDashboard,BotRiskDashboardPage,lib/app/router/route_groups/trade_bots_routes.dart,51
trade_bots,real_page,AppRoutePaths.tradeBotRiskDisclosure,tradeBotRiskDisclosure,AppRouteNames.sc118BotRiskDisclosure,sc118BotRiskDisclosure,BotRiskDisclosurePage,lib/app/router/route_groups/trade_bots_routes.dart,39
trade_bots,real_page,AppRoutePaths.tradeBotSecuritySettings,tradeBotSecuritySettings,AppRouteNames.sc122BotSecuritySettings,sc122BotSecuritySettings,BotSecuritySettingsPage,lib/app/router/route_groups/trade_bots_routes.dart,61
trade_bots,real_page,AppRoutePaths.tradeBotStrategyCompare,tradeBotStrategyCompare,AppRouteNames.sc126BotStrategyCompare,sc126BotStrategyCompare,BotStrategyComparePage,lib/app/router/route_groups/trade_bots_routes.dart,83
trade_bots,real_page,AppRoutePaths.tradeBotSuitabilityAssessment,tradeBotSuitabilityAssessment,AppRouteNames.sc119BotSuitabilityAssessment,sc119BotSuitabilityAssessment,BotSuitabilityAssessmentPage,lib/app/router/route_groups/trade_bots_routes.dart,45
trade_bots,real_page,AppRoutePaths.tradeBotTaxReporting,tradeBotTaxReporting,AppRouteNames.sc133BotTaxReporting,sc133BotTaxReporting,BotTaxReportingPage,lib/app/router/route_groups/trade_bots_routes.dart,121
trade_bots,real_page,AppRoutePaths.tradeBotTermsOfService,tradeBotTermsOfService,AppRouteNames.sc117BotTermsOfService,sc117BotTermsOfService,BotTermsOfServicePage,lib/app/router/route_groups/trade_bots_routes.dart,33
trade_bots,real_page,AppRoutePaths.tradeBots,tradeBots,AppRouteNames.sc059TradingBots,sc059TradingBots,TradingBotsPage,lib/app/router/route_groups/trade_bots_routes.dart,28
trade_compliance,real_page,'${AppRoutePaths.tradeCopyTargetMarketDefinition}/:productId','${AppRoutePaths.tradeCopyTargetMarketDefinition}/:productId',AppRouteNames.sc415TargetMarketDefinitionDetail,sc415TargetMarketDefinitionDetail,TargetMarketDefinitionPage,lib/app/router/route_groups/trade_compliance_routes.dart,97
trade_compliance,real_page,'/trade/copy-trading/complaint-tracking/:complaintId','/trade/copy-trading/complaint-tracking/:complaintId',AppRouteNames.sc416ComplaintTrackingDetail,sc416ComplaintTrackingDetail,ComplaintTrackingPage,lib/app/router/route_groups/trade_compliance_routes.dart,174
trade_compliance,real_page,AppRoutePaths.tradeCopyArmIntegrationStatus,tradeCopyArmIntegrationStatus,AppRouteNames.sc095ArmIntegrationStatus,sc095ArmIntegrationStatus,ArmIntegrationStatusPage,lib/app/router/route_groups/trade_compliance_routes.dart,55
trade_compliance,real_page,AppRoutePaths.tradeCopyAuditTrail,tradeCopyAuditTrail,AppRouteNames.sc115AuditTrail,sc115AuditTrail,AuditTrailPage,lib/app/router/route_groups/trade_compliance_routes.dart,188
trade_compliance,real_page,AppRoutePaths.tradeCopyBestExecutionReports,tradeCopyBestExecutionReports,AppRouteNames.sc096BestExecutionReports,sc096BestExecutionReports,BestExecutionReportsPage,lib/app/router/route_groups/trade_compliance_routes.dart,61
trade_compliance,real_page,AppRoutePaths.tradeCopyCassReconciliation,tradeCopyCassReconciliation,AppRouteNames.sc103CassReconciliation,sc103CassReconciliation,CassReconciliationPage,lib/app/router/route_groups/trade_compliance_routes.dart,111
trade_compliance,real_page,AppRoutePaths.tradeCopyClientCategorization,tradeCopyClientCategorization,AppRouteNames.sc099ClientCategorization,sc099ClientCategorization,ClientCategorizationPage,lib/app/router/route_groups/trade_compliance_routes.dart,79
trade_compliance,real_page,AppRoutePaths.tradeCopyClientMoneyProtection,tradeCopyClientMoneyProtection,AppRouteNames.sc102ClientMoneyProtection,sc102ClientMoneyProtection,ClientMoneyProtectionPage,lib/app/router/route_groups/trade_compliance_routes.dart,105
trade_compliance,real_page,AppRoutePaths.tradeCopyClientOptUpRequest,tradeCopyClientOptUpRequest,AppRouteNames.sc411ClientOptUpRequest,sc411ClientOptUpRequest,ClientOptUpRequestPage,lib/app/router/route_groups/trade_compliance_routes.dart,199
trade_compliance,real_page,AppRoutePaths.tradeCopyComplaintSubmission,tradeCopyComplaintSubmission,AppRouteNames.sc112ComplaintSubmission,sc112ComplaintSubmission,ComplaintSubmissionPage,lib/app/router/route_groups/trade_compliance_routes.dart,162
trade_compliance,real_page,AppRoutePaths.tradeCopyComplaintTrackingBase,tradeCopyComplaintTrackingBase,AppRouteNames.sc113ComplaintTracking,sc113ComplaintTracking,ComplaintTrackingPage,lib/app/router/route_groups/trade_compliance_routes.dart,168
trade_compliance,real_page,AppRoutePaths.tradeCopyComplaintsHandling,tradeCopyComplaintsHandling,AppRouteNames.sc111ComplaintsHandling,sc111ComplaintsHandling,ComplaintsHandlingPage,lib/app/router/route_groups/trade_compliance_routes.dart,156
trade_compliance,real_page,AppRoutePaths.tradeCopyExAnteCosts,tradeCopyExAnteCosts,AppRouteNames.sc105ExAnteCosts,sc105ExAnteCosts,ExAnteCostsPage,lib/app/router/route_groups/trade_compliance_routes.dart,123
trade_compliance,real_page,AppRoutePaths.tradeCopyExPostCostsReport,tradeCopyExPostCostsReport,AppRouteNames.sc107ExPostCostsReport,sc107ExPostCostsReport,ExPostCostsReportPage,lib/app/router/route_groups/trade_compliance_routes.dart,133
trade_compliance,real_page,AppRoutePaths.tradeCopyExecutionVenueAnalysis,tradeCopyExecutionVenueAnalysis,AppRouteNames.sc097ExecutionVenueAnalysis,sc097ExecutionVenueAnalysis,ExecutionVenueAnalysisPage,lib/app/router/route_groups/trade_compliance_routes.dart,67
trade_compliance,real_page,AppRoutePaths.tradeCopyInvestorCompensation,tradeCopyInvestorCompensation,AppRouteNames.sc104InvestorCompensation,sc104InvestorCompensation,InvestorCompensationPage,lib/app/router/route_groups/trade_compliance_routes.dart,117
trade_compliance,real_page,AppRoutePaths.tradeCopyKidGenerator,tradeCopyKidGenerator,AppRouteNames.sc108KidGenerator,sc108KidGenerator,KIDGeneratorPage,lib/app/router/route_groups/trade_compliance_routes.dart,139
trade_compliance,real_page,AppRoutePaths.tradeCopyOmbudsmanReferral,tradeCopyOmbudsmanReferral,AppRouteNames.sc114OmbudsmanReferral,sc114OmbudsmanReferral,OmbudsmanReferralPage,lib/app/router/route_groups/trade_compliance_routes.dart,182
trade_compliance,real_page,AppRoutePaths.tradeCopyPerformanceScenarios,tradeCopyPerformanceScenarios,AppRouteNames.sc109PerformanceScenarios,sc109PerformanceScenarios,PerformanceScenariosPage,lib/app/router/route_groups/trade_compliance_routes.dart,144
trade_compliance,real_page,AppRoutePaths.tradeCopyProductGovernance,tradeCopyProductGovernance,AppRouteNames.sc100ProductGovernance,sc100ProductGovernance,ProductGovernancePage,lib/app/router/route_groups/trade_compliance_routes.dart,85
trade_compliance,real_page,AppRoutePaths.tradeCopyRegulatoryDisclosures,tradeCopyRegulatoryDisclosures,AppRouteNames.sc084RegulatoryDisclosures,sc084RegulatoryDisclosures,RegulatoryDisclosuresPage,lib/app/router/route_groups/trade_compliance_routes.dart,37
trade_compliance,real_page,AppRoutePaths.tradeCopyRegulatoryInspectionReady,tradeCopyRegulatoryInspectionReady,AppRouteNames.sc116RegulatoryInspectionReady,sc116RegulatoryInspectionReady,RegulatoryInspectionReadyPage,lib/app/router/route_groups/trade_compliance_routes.dart,193
trade_compliance,real_page,AppRoutePaths.tradeCopyRegulatoryReportsDashboard,tradeCopyRegulatoryReportsDashboard,AppRouteNames.sc094RegulatoryReportsDashboard,sc094RegulatoryReportsDashboard,RegulatoryReportsDashboardPage,lib/app/router/route_groups/trade_compliance_routes.dart,49
trade_compliance,real_page,AppRoutePaths.tradeCopyRiskIndicatorExplainer,tradeCopyRiskIndicatorExplainer,AppRouteNames.sc110RiskIndicatorExplainer,sc110RiskIndicatorExplainer,RiskIndicatorExplainerPage,lib/app/router/route_groups/trade_compliance_routes.dart,150
trade_compliance,real_page,AppRoutePaths.tradeCopyRiyCalculator,tradeCopyRiyCalculator,AppRouteNames.sc106RiyCalculator,sc106RiyCalculator,RIYCalculatorPage,lib/app/router/route_groups/trade_compliance_routes.dart,128
trade_compliance,real_page,AppRoutePaths.tradeCopySlippageMonitoring,tradeCopySlippageMonitoring,AppRouteNames.sc098SlippageMonitoring,sc098SlippageMonitoring,SlippageMonitoringPage,lib/app/router/route_groups/trade_compliance_routes.dart,73
trade_compliance,real_page,AppRoutePaths.tradeCopyTargetMarketDefinition,tradeCopyTargetMarketDefinition,AppRouteNames.sc101TargetMarketDefinition,sc101TargetMarketDefinition,TargetMarketDefinitionPage,lib/app/router/route_groups/trade_compliance_routes.dart,91
trade_compliance,real_page,AppRoutePaths.tradeCopyTransactionReporting,tradeCopyTransactionReporting,AppRouteNames.sc093TransactionReporting,sc093TransactionReporting,TransactionReportingPage,lib/app/router/route_groups/trade_compliance_routes.dart,43
trade_compliance,real_page,AppRoutePaths.tradeMarginLiveMarketDataAnalytics,tradeMarginLiveMarketDataAnalytics,AppRouteNames.sc091LiveMarketDataAnalytics,sc091LiveMarketDataAnalytics,LiveMarketDataAnalyticsPage,lib/app/router/route_groups/trade_compliance_routes.dart,211
trade_compliance,real_page,AppRoutePaths.tradeMarginMarketDataAnalytics,tradeMarginMarketDataAnalytics,AppRouteNames.sc089MarketDataAnalytics,sc089MarketDataAnalytics,MarketDataAnalyticsPage,lib/app/router/route_groups/trade_compliance_routes.dart,205
trade_copy,real_page,'/trade/copy-audit-log/:copyId','/trade/copy-audit-log/:copyId',AppRouteNames.sc077CopyAuditLog,sc077CopyAuditLog,CopyAuditLogPage,lib/app/router/route_groups/trade_copy_routes.dart,188
trade_copy,real_page,'/trade/copy-performance/:copyId','/trade/copy-performance/:copyId',AppRouteNames.sc074CopyPerformance,sc074CopyPerformance,CopyPerformancePage,lib/app/router/route_groups/trade_copy_routes.dart,168
trade_copy,real_page,'/trade/copy-performance/:copyId/attribution','/trade/copy-performance/:copyId/attribution',AppRouteNames.sc075PerformanceAttribution,sc075PerformanceAttribution,PerformanceAttributionPage,lib/app/router/route_groups/trade_copy_routes.dart,178
trade_copy,real_page,'/trade/copy-provider/:providerId','/trade/copy-provider/:providerId',AppRouteNames.sc070CopyProviderDetail,sc070CopyProviderDetail,CopyProviderDetailPage,lib/app/router/route_groups/trade_copy_routes.dart,152
trade_copy,real_page,'/trade/copy-provider/:providerId/assessment','/trade/copy-provider/:providerId/assessment',AppRouteNames.sc071PreCopyAssessment,sc071PreCopyAssessment,PreCopyAssessmentPage,lib/app/router/route_groups/trade_copy_routes.dart,113
trade_copy,real_page,'/trade/copy-provider/:providerId/configuration','/trade/copy-provider/:providerId/configuration',AppRouteNames.sc072CopyConfiguration,sc072CopyConfiguration,CopyConfigurationPage,lib/app/router/route_groups/trade_copy_routes.dart,124
trade_copy,real_page,'/trade/copy-provider/:providerId/confirmation','/trade/copy-provider/:providerId/confirmation',AppRouteNames.sc073CopyConfirmation,sc073CopyConfirmation,CopyConfirmationPage,lib/app/router/route_groups/trade_copy_routes.dart,141
trade_copy,real_page,'/trade/trader/:traderId','/trade/trader/:traderId',AppRouteNames.sc087TraderProfile,sc087TraderProfile,TraderProfilePage,lib/app/router/route_groups/trade_copy_routes.dart,105
trade_copy,real_page,AppRoutePaths.demoCopyCard,demoCopyCard,AppRouteNames.sc401CopyTradingCardDemo,sc401CopyTradingCardDemo,InternalSurfaceGate>CopyTradingCardDemo,lib/app/router/route_groups/trade_copy_routes.dart,198
trade_copy,real_page,AppRoutePaths.tradeCopyActive,tradeCopyActive,AppRouteNames.sc066ActiveCopies,sc066ActiveCopies,ActiveCopiesPage,lib/app/router/route_groups/trade_copy_routes.dart,43
trade_copy,real_page,AppRoutePaths.tradeCopyComparison,tradeCopyComparison,AppRouteNames.sc076ProviderComparison,sc076ProviderComparison,ProviderComparisonPage,lib/app/router/route_groups/trade_copy_routes.dart,65
trade_copy,real_page,AppRoutePaths.tradeCopyDisputeResolution,tradeCopyDisputeResolution,AppRouteNames.sc082DisputeResolution,sc082DisputeResolution,DisputeResolutionPage,lib/app/router/route_groups/trade_copy_routes.dart,94
trade_copy,real_page,AppRoutePaths.tradeCopyEducation,tradeCopyEducation,AppRouteNames.sc065CopyEducation,sc065CopyEducation,CopyEducationPage,lib/app/router/route_groups/trade_copy_routes.dart,38
trade_copy,real_page,AppRoutePaths.tradeCopyLeaderboard,tradeCopyLeaderboard,AppRouteNames.sc079ProviderLeaderboard,sc079ProviderLeaderboard,ProviderLeaderboardPage,lib/app/router/route_groups/trade_copy_routes.dart,77
trade_copy,real_page,AppRoutePaths.tradeCopyNotifications,tradeCopyNotifications,AppRouteNames.sc068CopyNotifications,sc068CopyNotifications,CopyNotificationsPage,lib/app/router/route_groups/trade_copy_routes.dart,53
trade_copy,real_page,AppRoutePaths.tradeCopyProviderApply,tradeCopyProviderApply,AppRouteNames.sc069ProviderApplication,sc069ProviderApplication,ProviderApplicationPage,lib/app/router/route_groups/trade_copy_routes.dart,59
trade_copy,real_page,AppRoutePaths.tradeCopyProviderGovernance,tradeCopyProviderGovernance,AppRouteNames.sc081ProviderGovernance,sc081ProviderGovernance,ProviderGovernancePage,lib/app/router/route_groups/trade_copy_routes.dart,88
trade_copy,real_page,AppRoutePaths.tradeCopyRiskAnalysis,tradeCopyRiskAnalysis,AppRouteNames.sc078PortfolioRiskAnalysis,sc078PortfolioRiskAnalysis,PortfolioRiskAnalysisPage,lib/app/router/route_groups/trade_copy_routes.dart,71
trade_copy,real_page,AppRoutePaths.tradeCopySafety,tradeCopySafety,AppRouteNames.sc080SafetyEducation,sc080SafetyEducation,SafetyEducationPage,lib/app/router/route_groups/trade_copy_routes.dart,83
trade_copy,real_page,AppRoutePaths.tradeCopySafetyCenter,tradeCopySafetyCenter,AppRouteNames.sc083CopySafetyCenter,sc083CopySafetyCenter,CopySafetyCenterPage,lib/app/router/route_groups/trade_copy_routes.dart,100
trade_copy,real_page,AppRoutePaths.tradeCopySettings,tradeCopySettings,AppRouteNames.sc067CopySettings,sc067CopySettings,CopySettingsPage,lib/app/router/route_groups/trade_copy_routes.dart,48
trade_copy,real_page,AppRoutePaths.tradeCopyTrading,tradeCopyTrading,AppRouteNames.sc063CopyTrading,sc063CopyTrading,CopyTradingPage,lib/app/router/route_groups/trade_copy_routes.dart,33
trade_terminal,real_page,'/trade/advanced-chart/:pairId','/trade/advanced-chart/:pairId',AppRouteNames.sc055AdvancedChart,sc055AdvancedChart,AdvancedChartPage,lib/app/router/route_groups/trade_terminal_routes.dart,15
trade_terminal,real_page,AppRoutePaths.tradeAdvancedTools,tradeAdvancedTools,AppRouteNames.sc062AdvancedTools,sc062AdvancedTools,AdvancedToolsDemoPage,lib/app/router/route_groups/trade_terminal_routes.dart,36
trade_terminal,real_page,AppRoutePaths.tradeExecutionQuality,tradeExecutionQuality,AppRouteNames.sc061ExecutionQuality,sc061ExecutionQuality,ExecutionQualityDemoPage,lib/app/router/route_groups/trade_terminal_routes.dart,30
trade_terminal,real_page,AppRoutePaths.tradeMarginAdvancedAnalytics,tradeMarginAdvancedAnalytics,AppRouteNames.sc092AdvancedAnalytics,sc092AdvancedAnalytics,AdvancedAnalyticsPage,lib/app/router/route_groups/trade_terminal_routes.dart,48
trade_terminal,real_page,AppRoutePaths.tradeMarginAdvancedDemo,tradeMarginAdvancedDemo,AppRouteNames.sc088AdvancedTradingDemo,sc088AdvancedTradingDemo,AdvancedTradingDemoPage,lib/app/router/route_groups/trade_terminal_routes.dart,42
trade_terminal,real_page,AppRoutePaths.tradeRiskManagement,tradeRiskManagement,AppRouteNames.sc060RiskManagement,sc060RiskManagement,RiskManagementDemoPage,lib/app/router/route_groups/trade_terminal_routes.dart,24
utility,real_page,'/referral/friend/:friendId','/referral/friend/:friendId',AppRouteNames.sc289ReferralFriendDetail,sc289ReferralFriendDetail,ReferralFriendDetailPage,lib/app/router/route_groups/utility_routes.dart,163
utility,real_page,AppRoutePaths.crossModuleAnalytics,crossModuleAnalytics,AppRouteNames.sc322CrossModuleAnalytics,sc322CrossModuleAnalytics,CrossModuleAnalyticsPage,lib/app/router/route_groups/utility_routes.dart,49
utility,real_page,AppRoutePaths.devDcaOverview,devDcaOverview,AppRouteNames.sc400DcaOverviewDemo,sc400DcaOverviewDemo,InternalSurfaceGate>DCAOverviewDemo,lib/app/router/route_groups/utility_routes.dart,101
utility,real_page,AppRoutePaths.devDesignSystem,devDesignSystem,AppRouteNames.sc399DesignSystem,sc399DesignSystem,InternalSurfaceGate>DesignSystemPage,lib/app/router/route_groups/utility_routes.dart,92
utility,real_page,AppRoutePaths.devShowcase,devShowcase,AppRouteNames.sc398MissingScreensShowcase,sc398MissingScreensShowcase,InternalSurfaceGate>MissingScreensShowcasePage,lib/app/router/route_groups/utility_routes.dart,83
utility,real_page,AppRoutePaths.enterpriseStates,enterpriseStates,AppRouteNames.sc320EnterpriseStates,sc320EnterpriseStates,EnterpriseStatesPage,lib/app/router/route_groups/utility_routes.dart,38
utility,real_page,AppRoutePaths.notifications,notifications,AppRouteNames.sc291Notifications,sc291Notifications,NotificationsPage,lib/app/router/route_groups/utility_routes.dart,124
utility,real_page,AppRoutePaths.performanceMonitor,performanceMonitor,AppRouteNames.sc326PerformanceMonitor,sc326PerformanceMonitor,InternalSurfaceGate>PerformanceMonitor,lib/app/router/route_groups/utility_routes.dart,74
utility,real_page,AppRoutePaths.referral,referral,AppRouteNames.sc290ReferralHome,sc290ReferralHome,ReferralHomePage,lib/app/router/route_groups/utility_routes.dart,143
utility,real_page,AppRoutePaths.referralHistory,referralHistory,AppRouteNames.sc286ReferralHistory,sc286ReferralHistory,ReferralHistoryPage,lib/app/router/route_groups/utility_routes.dart,148
utility,real_page,AppRoutePaths.referralRewards,referralRewards,AppRouteNames.sc287ReferralRewards,sc287ReferralRewards,ReferralRewardsPage,lib/app/router/route_groups/utility_routes.dart,153
utility,real_page,AppRoutePaths.referralRules,referralRules,AppRouteNames.sc288ReferralRules,sc288ReferralRules,ReferralRulesPage,lib/app/router/route_groups/utility_routes.dart,158
utility,real_page,AppRoutePaths.rewards,rewards,AppRouteNames.sc319RewardsHub,sc319RewardsHub,RewardsHubPage,lib/app/router/route_groups/utility_routes.dart,30
utility,real_page,AppRoutePaths.routeChecker,routeChecker,AppRouteNames.sc325RouteChecker,sc325RouteChecker,InternalSurfaceGate>RouteChecker,lib/app/router/route_groups/utility_routes.dart,65
utility,real_page,AppRoutePaths.search,search,AppRouteNames.sc283UnifiedSearch,sc283UnifiedSearch,UnifiedSearchPage,lib/app/router/route_groups/utility_routes.dart,119
utility,real_page,AppRoutePaths.smartAlerts,smartAlerts,AppRouteNames.sc323SmartAlertCenter,sc323SmartAlertCenter,SmartAlertCenterPage,lib/app/router/route_groups/utility_routes.dart,55
utility,real_page,AppRoutePaths.taxReports,taxReports,AppRouteNames.sc324TaxReportCenter,sc324TaxReportCenter,TaxReportCenterPage,lib/app/router/route_groups/utility_routes.dart,60
utility,real_page,AppRoutePaths.topicCrypto,topicCrypto,AppRouteNames.sc285TopicCrypto,sc285TopicCrypto,TopicHubPage,lib/app/router/route_groups/utility_routes.dart,134
utility,real_page,AppRoutePaths.topics,topics,AppRouteNames.sc284TopicHub,sc284TopicHub,TopicHubPage,lib/app/router/route_groups/utility_routes.dart,129
utility,real_page,AppRoutePaths.unifiedPortfolio,unifiedPortfolio,AppRouteNames.sc321UnifiedPortfolio,sc321UnifiedPortfolio,UnifiedPortfolioDashboardPage,lib/app/router/route_groups/utility_routes.dart,43
wallet,real_page,'${AppRoutePaths.walletDeposit}/:asset','${AppRoutePaths.walletDeposit}/:asset',AppRouteNames.sc138DepositUsdt,sc138DepositUsdt,DepositTabletPage,lib/app/router/route_groups/wallet_routes.dart,87
wallet,real_page,'${AppRoutePaths.walletWithdraw}/:asset','${AppRoutePaths.walletWithdraw}/:asset',AppRouteNames.sc140WithdrawUsdt,sc140WithdrawUsdt,WithdrawTabletPage,lib/app/router/route_groups/wallet_routes.dart,118
wallet,real_page,'/wallet/asset/:assetId','/wallet/asset/:assetId',AppRouteNames.sc147AssetDetail,sc147AssetDetail,AssetDetailTabletPage,lib/app/router/route_groups/wallet_routes.dart,210
wallet,real_page,'/wallet/transaction/:txId','/wallet/transaction/:txId',AppRouteNames.sc141TransactionDetail,sc141TransactionDetail,TransactionDetailTabletPage,lib/app/router/route_groups/wallet_routes.dart,138
wallet,real_page,AppRoutePaths.wallet,wallet,AppRouteNames.sc135Wallet,sc135Wallet,switch,lib/app/router/route_groups/wallet_routes.dart,54
wallet,real_page,AppRoutePaths.walletAddressBook,walletAddressBook,AppRouteNames.sc144AddressBook,sc144AddressBook,switch,lib/app/router/route_groups/wallet_routes.dart,177
wallet,real_page,AppRoutePaths.walletAddressBookAdd,walletAddressBookAdd,AppRouteNames.sc143AddressAdd,sc143AddressAdd,switch,lib/app/router/route_groups/wallet_routes.dart,166
wallet,real_page,AppRoutePaths.walletBuyCrypto,walletBuyCrypto,AppRouteNames.sc145BuyCrypto,sc145BuyCrypto,switch,lib/app/router/route_groups/wallet_routes.dart,188
wallet,real_page,AppRoutePaths.walletDeposit,walletDeposit,AppRouteNames.sc137Deposit,sc137Deposit,switch,lib/app/router/route_groups/wallet_routes.dart,76
wallet,real_page,AppRoutePaths.walletDustConverter,walletDustConverter,AppRouteNames.sc154DustConverter,sc154DustConverter,switch,lib/app/router/route_groups/wallet_routes.dart,292
wallet,real_page,AppRoutePaths.walletGasOptimizer,walletGasOptimizer,AppRouteNames.sc149GasOptimizer,sc149GasOptimizer,switch,lib/app/router/route_groups/wallet_routes.dart,237
wallet,real_page,AppRoutePaths.walletHealthScore,walletHealthScore,AppRouteNames.sc151HealthScore,sc151HealthScore,switch,lib/app/router/route_groups/wallet_routes.dart,259
wallet,real_page,AppRoutePaths.walletHistory,walletHistory,AppRouteNames.sc136TxHistory,sc136TxHistory,switch,lib/app/router/route_groups/wallet_routes.dart,65
wallet,real_page,AppRoutePaths.walletLimits,walletLimits,AppRouteNames.sc153WithdrawLimits,sc153WithdrawLimits,switch,lib/app/router/route_groups/wallet_routes.dart,281
wallet,real_page,AppRoutePaths.walletMultiManager,walletMultiManager,AppRouteNames.sc148MultiManager,sc148MultiManager,switch,lib/app/router/route_groups/wallet_routes.dart,226
wallet,real_page,AppRoutePaths.walletNetworkStatus,walletNetworkStatus,AppRouteNames.sc155NetworkStatus,sc155NetworkStatus,switch,lib/app/router/route_groups/wallet_routes.dart,303
wallet,real_page,AppRoutePaths.walletPendingDeposits,walletPendingDeposits,AppRouteNames.sc152PendingDeposits,sc152PendingDeposits,switch,lib/app/router/route_groups/wallet_routes.dart,270
wallet,real_page,AppRoutePaths.walletPortfolioAnalytics,walletPortfolioAnalytics,AppRouteNames.sc142PortfolioAnalytics,sc142PortfolioAnalytics,switch,lib/app/router/route_groups/wallet_routes.dart,155
wallet,real_page,AppRoutePaths.walletTokenApproval,walletTokenApproval,AppRouteNames.sc150TokenApproval,sc150TokenApproval,switch,lib/app/router/route_groups/wallet_routes.dart,248
wallet,real_page,AppRoutePaths.walletTransfer,walletTransfer,AppRouteNames.sc146Transfer,sc146Transfer,switch,lib/app/router/route_groups/wallet_routes.dart,199
wallet,real_page,AppRoutePaths.walletWithdraw,walletWithdraw,AppRouteNames.sc139Withdraw,sc139Withdraw,switch,lib/app/router/route_groups/wallet_routes.dart,107
